DlangUI log file
2026-08-23 12:23:47.224 I  Log level changed to Trace
2026-08-23 12:23:47.224 I  Logger is initialized
2026-08-23 12:23:47.224 D  myWinMain()
2026-08-23 12:23:47.224 I  Current executable: C:\Users\levta\AppData\Local\dub\packages\dlangui\0.10.8\dlangui\examples\dmledit\bin\
2026-08-23 12:23:47.224 I  Command line: 
2026-08-23 12:23:47.224 I  Command line params: ["C:\\Users\\levta\\AppData\\Local\\dub\\packages\\dlangui\\0.10.8\\dlangui\\examples\\dmledit\\bin\\dmledit.exe"]
2026-08-23 12:23:47.224 V  Creating platform
2026-08-23 12:23:47.224 V  Registering window class
2026-08-23 12:23:47.224 V  Initializing font manager
2026-08-23 12:23:47.224 I  Creating Win32FontManager
2026-08-23 12:23:47.224 I  Win32FontManager.initialize()
2026-08-23 12:23:47.226 D  registerFont(SansSerif,Marlett)
2026-08-23 12:23:47.226 D  registerFont(SansSerif,Arial)
2026-08-23 12:23:47.226 D  registerFont(SansSerif,Arial)
2026-08-23 12:23:47.226 D  registerFont(SansSerif,Arial)
2026-08-23 12:23:47.226 D  registerFont(SansSerif,Arial)
2026-08-23 12:23:47.226 D  registerFont(SansSerif,Arial)
2026-08-23 12:23:47.226 D  registerFont(SansSerif,Arial)
2026-08-23 12:23:47.226 D  registerFont(SansSerif,Arial)
2026-08-23 12:23:47.226 D  registerFont(SansSerif,Arial)
2026-08-23 12:23:47.226 D  registerFont(SansSerif,Arial)
2026-08-23 12:23:47.226 D  registerFont(SansSerif,Arial Black)
2026-08-23 12:23:47.226 D  registerFont(SansSerif,Arial Black)
2026-08-23 12:23:47.226 D  registerFont(SansSerif,Arial Black)
2026-08-23 12:23:47.226 D  registerFont(SansSerif,Arial Black)
2026-08-23 12:23:47.226 D  registerFont(SansSerif,Arial Black)
2026-08-23 12:23:47.226 D  registerFont(SansSerif,Arial Black)
2026-08-23 12:23:47.226 D  registerFont(SansSerif,Bahnschrift Light)
2026-08-23 12:23:47.226 D  registerFont(SansSerif,Bahnschrift Light)
2026-08-23 12:23:47.226 D  registerFont(SansSerif,Bahnschrift Light)
2026-08-23 12:23:47.226 D  registerFont(SansSerif,Bahnschrift Light)
2026-08-23 12:23:47.226 D  registerFont(SansSerif,Bahnschrift Light)
2026-08-23 12:23:47.226 D  registerFont(SansSerif,Bahnschrift Light)
2026-08-23 12:23:47.226 D  registerFont(SansSerif,Bahnschrift Light)
2026-08-23 12:23:47.226 D  registerFont(SansSerif,Bahnschrift SemiLight)
2026-08-23 12:23:47.226 D  registerFont(SansSerif,Bahnschrift SemiLight)
2026-08-23 12:23:47.226 D  registerFont(SansSerif,Bahnschrift SemiLight)
2026-08-23 12:23:47.226 D  registerFont(SansSerif,Bahnschrift SemiLight)
2026-08-23 12:23:47.226 D  registerFont(SansSerif,Bahnschrift SemiLight)
2026-08-23 12:23:47.226 D  registerFont(SansSerif,Bahnschrift SemiLight)
2026-08-23 12:23:47.226 D  registerFont(SansSerif,Bahnschrift SemiLight)
2026-08-23 12:23:47.226 D  registerFont(SansSerif,Bahnschrift)
2026-08-23 12:23:47.226 D  registerFont(SansSerif,Bahnschrift)
2026-08-23 12:23:47.226 D  registerFont(SansSerif,Bahnschrift)
2026-08-23 12:23:47.227 D  registerFont(SansSerif,Bahnschrift)
2026-08-23 12:23:47.227 D  registerFont(SansSerif,Bahnschrift)
2026-08-23 12:23:47.227 D  registerFont(SansSerif,Bahnschrift)
2026-08-23 12:23:47.227 D  registerFont(SansSerif,Bahnschrift)
2026-08-23 12:23:47.227 D  registerFont(SansSerif,Bahnschrift SemiBold)
2026-08-23 12:23:47.227 D  registerFont(SansSerif,Bahnschrift SemiBold)
2026-08-23 12:23:47.227 D  registerFont(SansSerif,Bahnschrift SemiBold)
2026-08-23 12:23:47.227 D  registerFont(SansSerif,Bahnschrift SemiBold)
2026-08-23 12:23:47.227 D  registerFont(SansSerif,Bahnschrift SemiBold)
2026-08-23 12:23:47.227 D  registerFont(SansSerif,Bahnschrift SemiBold)
2026-08-23 12:23:47.227 D  registerFont(SansSerif,Bahnschrift SemiBold)
2026-08-23 12:23:47.227 D  registerFont(SansSerif,Bahnschrift Light SemiCondensed)
2026-08-23 12:23:47.227 D  registerFont(SansSerif,Bahnschrift Light SemiCondensed)
2026-08-23 12:23:47.227 D  registerFont(SansSerif,Bahnschrift Light SemiCondensed)
2026-08-23 12:23:47.227 D  registerFont(SansSerif,Bahnschrift Light SemiCondensed)
2026-08-23 12:23:47.227 D  registerFont(SansSerif,Bahnschrift Light SemiCondensed)
2026-08-23 12:23:47.227 D  registerFont(SansSerif,Bahnschrift Light SemiCondensed)
2026-08-23 12:23:47.227 D  registerFont(SansSerif,Bahnschrift Light SemiCondensed)
2026-08-23 12:23:47.227 D  registerFont(SansSerif,Bahnschrift SemiLight SemiConde)
2026-08-23 12:23:47.227 D  registerFont(SansSerif,Bahnschrift SemiLight SemiConde)
2026-08-23 12:23:47.227 D  registerFont(SansSerif,Bahnschrift SemiLight SemiConde)
2026-08-23 12:23:47.227 D  registerFont(SansSerif,Bahnschrift SemiLight SemiConde)
2026-08-23 12:23:47.227 D  registerFont(SansSerif,Bahnschrift SemiLight SemiConde)
2026-08-23 12:23:47.227 D  registerFont(SansSerif,Bahnschrift SemiLight SemiConde)
2026-08-23 12:23:47.227 D  registerFont(SansSerif,Bahnschrift SemiLight SemiConde)
2026-08-23 12:23:47.227 D  registerFont(SansSerif,Bahnschrift SemiCondensed)
2026-08-23 12:23:47.227 D  registerFont(SansSerif,Bahnschrift SemiCondensed)
2026-08-23 12:23:47.227 D  registerFont(SansSerif,Bahnschrift SemiCondensed)
2026-08-23 12:23:47.227 D  registerFont(SansSerif,Bahnschrift SemiCondensed)
2026-08-23 12:23:47.227 D  registerFont(SansSerif,Bahnschrift SemiCondensed)
2026-08-23 12:23:47.227 D  registerFont(SansSerif,Bahnschrift SemiCondensed)
2026-08-23 12:23:47.227 D  registerFont(SansSerif,Bahnschrift SemiCondensed)
2026-08-23 12:23:47.227 D  registerFont(SansSerif,Bahnschrift SemiBold SemiConden)
2026-08-23 12:23:47.227 D  registerFont(SansSerif,Bahnschrift SemiBold SemiConden)
2026-08-23 12:23:47.227 D  registerFont(SansSerif,Bahnschrift SemiBold SemiConden)
2026-08-23 12:23:47.227 D  registerFont(SansSerif,Bahnschrift SemiBold SemiConden)
2026-08-23 12:23:47.227 D  registerFont(SansSerif,Bahnschrift SemiBold SemiConden)
2026-08-23 12:23:47.227 D  registerFont(SansSerif,Bahnschrift SemiBold SemiConden)
2026-08-23 12:23:47.227 D  registerFont(SansSerif,Bahnschrift SemiBold SemiConden)
2026-08-23 12:23:47.227 D  registerFont(SansSerif,Bahnschrift Light Condensed)
2026-08-23 12:23:47.227 D  registerFont(SansSerif,Bahnschrift Light Condensed)
2026-08-23 12:23:47.227 D  registerFont(SansSerif,Bahnschrift Light Condensed)
2026-08-23 12:23:47.227 D  registerFont(SansSerif,Bahnschrift Light Condensed)
2026-08-23 12:23:47.227 D  registerFont(SansSerif,Bahnschrift Light Condensed)
2026-08-23 12:23:47.227 D  registerFont(SansSerif,Bahnschrift Light Condensed)
2026-08-23 12:23:47.227 D  registerFont(SansSerif,Bahnschrift Light Condensed)
2026-08-23 12:23:47.227 D  registerFont(SansSerif,Bahnschrift SemiLight Condensed)
2026-08-23 12:23:47.227 D  registerFont(SansSerif,Bahnschrift SemiLight Condensed)
2026-08-23 12:23:47.227 D  registerFont(SansSerif,Bahnschrift SemiLight Condensed)
2026-08-23 12:23:47.227 D  registerFont(SansSerif,Bahnschrift SemiLight Condensed)
2026-08-23 12:23:47.227 D  registerFont(SansSerif,Bahnschrift SemiLight Condensed)
2026-08-23 12:23:47.227 D  registerFont(SansSerif,Bahnschrift SemiLight Condensed)
2026-08-23 12:23:47.227 D  registerFont(SansSerif,Bahnschrift SemiLight Condensed)
2026-08-23 12:23:47.227 D  registerFont(SansSerif,Bahnschrift Condensed)
2026-08-23 12:23:47.227 D  registerFont(SansSerif,Bahnschrift Condensed)
2026-08-23 12:23:47.227 D  registerFont(SansSerif,Bahnschrift Condensed)
2026-08-23 12:23:47.227 D  registerFont(SansSerif,Bahnschrift Condensed)
2026-08-23 12:23:47.227 D  registerFont(SansSerif,Bahnschrift Condensed)
2026-08-23 12:23:47.227 D  registerFont(SansSerif,Bahnschrift Condensed)
2026-08-23 12:23:47.227 D  registerFont(SansSerif,Bahnschrift Condensed)
2026-08-23 12:23:47.227 D  registerFont(SansSerif,Bahnschrift SemiBold Condensed)
2026-08-23 12:23:47.227 D  registerFont(SansSerif,Bahnschrift SemiBold Condensed)
2026-08-23 12:23:47.227 D  registerFont(SansSerif,Bahnschrift SemiBold Condensed)
2026-08-23 12:23:47.227 D  registerFont(SansSerif,Bahnschrift SemiBold Condensed)
2026-08-23 12:23:47.227 D  registerFont(SansSerif,Bahnschrift SemiBold Condensed)
2026-08-23 12:23:47.227 D  registerFont(SansSerif,Bahnschrift SemiBold Condensed)
2026-08-23 12:23:47.227 D  registerFont(SansSerif,Bahnschrift SemiBold Condensed)
2026-08-23 12:23:47.227 D  registerFont(SansSerif,Calibri)
2026-08-23 12:23:47.228 D  registerFont(SansSerif,Calibri)
2026-08-23 12:23:47.228 D  registerFont(SansSerif,Calibri)
2026-08-23 12:23:47.228 D  registerFont(SansSerif,Calibri)
2026-08-23 12:23:47.228 D  registerFont(SansSerif,Calibri)
2026-08-23 12:23:47.228 D  registerFont(SansSerif,Calibri)
2026-08-23 12:23:47.228 D  registerFont(SansSerif,Calibri)
2026-08-23 12:23:47.228 D  registerFont(SansSerif,Calibri)
2026-08-23 12:23:47.228 D  registerFont(SansSerif,Calibri)
2026-08-23 12:23:47.228 D  registerFont(SansSerif,Calibri Light)
2026-08-23 12:23:47.228 D  registerFont(SansSerif,Calibri Light)
2026-08-23 12:23:47.228 D  registerFont(SansSerif,Calibri Light)
2026-08-23 12:23:47.228 D  registerFont(SansSerif,Calibri Light)
2026-08-23 12:23:47.228 D  registerFont(SansSerif,Calibri Light)
2026-08-23 12:23:47.228 D  registerFont(SansSerif,Calibri Light)
2026-08-23 12:23:47.228 D  registerFont(SansSerif,Calibri Light)
2026-08-23 12:23:47.228 D  registerFont(SansSerif,Calibri Light)
2026-08-23 12:23:47.228 D  registerFont(SansSerif,Calibri Light)
2026-08-23 12:23:47.228 D  registerFont(Serif,Cambria)
2026-08-23 12:23:47.228 D  registerFont(Serif,Cambria)
2026-08-23 12:23:47.228 D  registerFont(Serif,Cambria)
2026-08-23 12:23:47.228 D  registerFont(Serif,Cambria)
2026-08-23 12:23:47.228 D  registerFont(Serif,Cambria)
2026-08-23 12:23:47.228 D  registerFont(Serif,Cambria)
2026-08-23 12:23:47.228 D  registerFont(Serif,Cambria)
2026-08-23 12:23:47.228 D  registerFont(Serif,Cambria Math)
2026-08-23 12:23:47.228 D  registerFont(Serif,Cambria Math)
2026-08-23 12:23:47.228 D  registerFont(Serif,Cambria Math)
2026-08-23 12:23:47.228 D  registerFont(Serif,Cambria Math)
2026-08-23 12:23:47.228 D  registerFont(Serif,Cambria Math)
2026-08-23 12:23:47.228 D  registerFont(Serif,Cambria Math)
2026-08-23 12:23:47.228 D  registerFont(Serif,Cambria Math)
2026-08-23 12:23:47.228 D  registerFont(SansSerif,Candara)
2026-08-23 12:23:47.228 D  registerFont(SansSerif,Candara)
2026-08-23 12:23:47.228 D  registerFont(SansSerif,Candara)
2026-08-23 12:23:47.228 D  registerFont(SansSerif,Candara)
2026-08-23 12:23:47.228 D  registerFont(SansSerif,Candara)
2026-08-23 12:23:47.228 D  registerFont(SansSerif,Candara)
2026-08-23 12:23:47.228 D  registerFont(SansSerif,Candara)
2026-08-23 12:23:47.228 D  registerFont(SansSerif,Candara Light)
2026-08-23 12:23:47.228 D  registerFont(SansSerif,Candara Light)
2026-08-23 12:23:47.228 D  registerFont(SansSerif,Candara Light)
2026-08-23 12:23:47.228 D  registerFont(SansSerif,Candara Light)
2026-08-23 12:23:47.228 D  registerFont(SansSerif,Candara Light)
2026-08-23 12:23:47.228 D  registerFont(SansSerif,Candara Light)
2026-08-23 12:23:47.228 D  registerFont(SansSerif,Candara Light)
2026-08-23 12:23:47.228 D  registerFont(Cursive,Comic Sans MS)
2026-08-23 12:23:47.228 D  registerFont(Cursive,Comic Sans MS)
2026-08-23 12:23:47.228 D  registerFont(Cursive,Comic Sans MS)
2026-08-23 12:23:47.228 D  registerFont(Cursive,Comic Sans MS)
2026-08-23 12:23:47.228 D  registerFont(Cursive,Comic Sans MS)
2026-08-23 12:23:47.228 D  registerFont(Cursive,Comic Sans MS)
2026-08-23 12:23:47.228 D  registerFont(MonoSpace,Consolas)
2026-08-23 12:23:47.228 D  registerFont(MonoSpace,Consolas)
2026-08-23 12:23:47.228 D  registerFont(MonoSpace,Consolas)
2026-08-23 12:23:47.228 D  registerFont(MonoSpace,Consolas)
2026-08-23 12:23:47.228 D  registerFont(MonoSpace,Consolas)
2026-08-23 12:23:47.228 D  registerFont(MonoSpace,Consolas)
2026-08-23 12:23:47.228 D  registerFont(MonoSpace,Consolas)
2026-08-23 12:23:47.228 D  registerFont(Serif,Constantia)
2026-08-23 12:23:47.228 D  registerFont(Serif,Constantia)
2026-08-23 12:23:47.228 D  registerFont(Serif,Constantia)
2026-08-23 12:23:47.228 D  registerFont(Serif,Constantia)
2026-08-23 12:23:47.228 D  registerFont(Serif,Constantia)
2026-08-23 12:23:47.228 D  registerFont(Serif,Constantia)
2026-08-23 12:23:47.228 D  registerFont(Serif,Constantia)
2026-08-23 12:23:47.228 D  registerFont(SansSerif,Corbel)
2026-08-23 12:23:47.228 D  registerFont(SansSerif,Corbel)
2026-08-23 12:23:47.228 D  registerFont(SansSerif,Corbel)
2026-08-23 12:23:47.228 D  registerFont(SansSerif,Corbel)
2026-08-23 12:23:47.228 D  registerFont(SansSerif,Corbel)
2026-08-23 12:23:47.228 D  registerFont(SansSerif,Corbel)
2026-08-23 12:23:47.228 D  registerFont(SansSerif,Corbel)
2026-08-23 12:23:47.228 D  registerFont(SansSerif,Corbel Light)
2026-08-23 12:23:47.228 D  registerFont(SansSerif,Corbel Light)
2026-08-23 12:23:47.228 D  registerFont(SansSerif,Corbel Light)
2026-08-23 12:23:47.228 D  registerFont(SansSerif,Corbel Light)
2026-08-23 12:23:47.228 D  registerFont(SansSerif,Corbel Light)
2026-08-23 12:23:47.228 D  registerFont(SansSerif,Corbel Light)
2026-08-23 12:23:47.228 D  registerFont(SansSerif,Corbel Light)
2026-08-23 12:23:47.228 D  registerFont(MonoSpace,Courier New)
2026-08-23 12:23:47.228 D  registerFont(MonoSpace,Courier New)
2026-08-23 12:23:47.228 D  registerFont(MonoSpace,Courier New)
2026-08-23 12:23:47.228 D  registerFont(MonoSpace,Courier New)
2026-08-23 12:23:47.228 D  registerFont(MonoSpace,Courier New)
2026-08-23 12:23:47.228 D  registerFont(MonoSpace,Courier New)
2026-08-23 12:23:47.228 D  registerFont(MonoSpace,Courier New)
2026-08-23 12:23:47.228 D  registerFont(MonoSpace,Courier New)
2026-08-23 12:23:47.228 D  registerFont(MonoSpace,Courier New)
2026-08-23 12:23:47.228 D  registerFont(SansSerif,Ebrima)
2026-08-23 12:23:47.228 D  registerFont(SansSerif,Ebrima)
2026-08-23 12:23:47.228 D  registerFont(SansSerif,Ebrima)
2026-08-23 12:23:47.228 D  registerFont(SansSerif,Ebrima)
2026-08-23 12:23:47.228 D  registerFont(SansSerif,Franklin Gothic Medium)
2026-08-23 12:23:47.228 D  registerFont(SansSerif,Franklin Gothic Medium)
2026-08-23 12:23:47.228 D  registerFont(SansSerif,Franklin Gothic Medium)
2026-08-23 12:23:47.228 D  registerFont(SansSerif,Franklin Gothic Medium)
2026-08-23 12:23:47.228 D  registerFont(SansSerif,Franklin Gothic Medium)
2026-08-23 12:23:47.228 D  registerFont(SansSerif,Franklin Gothic Medium)
2026-08-23 12:23:47.228 D  registerFont(Fantasy,Gabriola)
2026-08-23 12:23:47.228 D  registerFont(Fantasy,Gabriola)
2026-08-23 12:23:47.228 D  registerFont(Fantasy,Gabriola)
2026-08-23 12:23:47.228 D  registerFont(Fantasy,Gabriola)
2026-08-23 12:23:47.228 D  registerFont(Fantasy,Gabriola)
2026-08-23 12:23:47.228 D  registerFont(Fantasy,Gabriola)
2026-08-23 12:23:47.228 D  registerFont(SansSerif,Gadugi)
2026-08-23 12:23:47.228 D  registerFont(Serif,Georgia)
2026-08-23 12:23:47.228 D  registerFont(Serif,Georgia)
2026-08-23 12:23:47.228 D  registerFont(Serif,Georgia)
2026-08-23 12:23:47.228 D  registerFont(Serif,Georgia)
2026-08-23 12:23:47.228 D  registerFont(Serif,Georgia)
2026-08-23 12:23:47.228 D  registerFont(Serif,Georgia)
2026-08-23 12:23:47.228 D  registerFont(SansSerif,Impact)
2026-08-23 12:23:47.228 D  registerFont(SansSerif,Impact)
2026-08-23 12:23:47.228 D  registerFont(SansSerif,Impact)
2026-08-23 12:23:47.228 D  registerFont(SansSerif,Impact)
2026-08-23 12:23:47.228 D  registerFont(SansSerif,Impact)
2026-08-23 12:23:47.228 D  registerFont(SansSerif,Impact)
2026-08-23 12:23:47.228 D  registerFont(Cursive,Ink Free)
2026-08-23 12:23:47.228 D  registerFont(Cursive,Ink Free)
2026-08-23 12:23:47.228 D  registerFont(Cursive,Ink Free)
2026-08-23 12:23:47.228 D  registerFont(Cursive,Ink Free)
2026-08-23 12:23:47.228 D  registerFont(Cursive,Ink Free)
2026-08-23 12:23:47.228 D  registerFont(Cursive,Ink Free)
2026-08-23 12:23:47.228 D  registerFont(Cursive,Ink Free)
2026-08-23 12:23:47.229 D  registerFont(SansSerif,Javanese Text)
2026-08-23 12:23:47.229 D  registerFont(SansSerif,Leelawadee UI)
2026-08-23 12:23:47.229 D  registerFont(SansSerif,Leelawadee UI)
2026-08-23 12:23:47.229 D  registerFont(SansSerif,Leelawadee UI)
2026-08-23 12:23:47.229 D  registerFont(SansSerif,Leelawadee UI Semilight)
2026-08-23 12:23:47.229 D  registerFont(SansSerif,Leelawadee UI Semilight)
2026-08-23 12:23:47.229 D  registerFont(SansSerif,Leelawadee UI Semilight)
2026-08-23 12:23:47.229 D  registerFont(MonoSpace,Lucida Console)
2026-08-23 12:23:47.229 D  registerFont(MonoSpace,Lucida Console)
2026-08-23 12:23:47.229 D  registerFont(MonoSpace,Lucida Console)
2026-08-23 12:23:47.229 D  registerFont(MonoSpace,Lucida Console)
2026-08-23 12:23:47.229 D  registerFont(MonoSpace,Lucida Console)
2026-08-23 12:23:47.229 D  registerFont(SansSerif,Lucida Sans Unicode)
2026-08-23 12:23:47.229 D  registerFont(SansSerif,Lucida Sans Unicode)
2026-08-23 12:23:47.229 D  registerFont(SansSerif,Lucida Sans Unicode)
2026-08-23 12:23:47.229 D  registerFont(SansSerif,Lucida Sans Unicode)
2026-08-23 12:23:47.229 D  registerFont(SansSerif,Lucida Sans Unicode)
2026-08-23 12:23:47.229 D  registerFont(SansSerif,Lucida Sans Unicode)
2026-08-23 12:23:47.229 D  registerFont(SansSerif,Lucida Sans Unicode)
2026-08-23 12:23:47.229 D  registerFont(SansSerif,Malgun Gothic)
2026-08-23 12:23:47.229 D  registerFont(SansSerif,Malgun Gothic)
2026-08-23 12:23:47.229 D  registerFont(SansSerif,Malgun Gothic Semilight)
2026-08-23 12:23:47.229 D  registerFont(SansSerif,Malgun Gothic Semilight)
2026-08-23 12:23:47.229 D  registerFont(SansSerif,Malgun Gothic Semilight)
2026-08-23 12:23:47.229 D  registerFont(SansSerif,Malgun Gothic Semilight)
2026-08-23 12:23:47.229 D  registerFont(SansSerif,Malgun Gothic Semilight)
2026-08-23 12:23:47.229 D  registerFont(SansSerif,Malgun Gothic Semilight)
2026-08-23 12:23:47.229 D  registerFont(SansSerif,Malgun Gothic Semilight)
2026-08-23 12:23:47.229 D  registerFont(SansSerif,Malgun Gothic Semilight)
2026-08-23 12:23:47.229 D  registerFont(SansSerif,Malgun Gothic Semilight)
2026-08-23 12:23:47.229 D  registerFont(SansSerif,Malgun Gothic Semilight)
2026-08-23 12:23:47.229 D  registerFont(SansSerif,Malgun Gothic Semilight)
2026-08-23 12:23:47.229 D  registerFont(SansSerif,Malgun Gothic Semilight)
2026-08-23 12:23:47.229 D  registerFont(SansSerif,Microsoft Himalaya)
2026-08-23 12:23:47.229 D  registerFont(SansSerif,Microsoft JhengHei)
2026-08-23 12:23:47.229 D  registerFont(SansSerif,Microsoft JhengHei)
2026-08-23 12:23:47.229 D  registerFont(SansSerif,Microsoft JhengHei)
2026-08-23 12:23:47.229 D  registerFont(SansSerif,Microsoft JhengHei UI)
2026-08-23 12:23:47.229 D  registerFont(SansSerif,Microsoft JhengHei UI)
2026-08-23 12:23:47.229 D  registerFont(SansSerif,Microsoft JhengHei UI)
2026-08-23 12:23:47.229 D  registerFont(SansSerif,Microsoft JhengHei Light)
2026-08-23 12:23:47.229 D  registerFont(SansSerif,Microsoft JhengHei Light)
2026-08-23 12:23:47.229 D  registerFont(SansSerif,Microsoft JhengHei Light)
2026-08-23 12:23:47.229 D  registerFont(SansSerif,Microsoft JhengHei UI Light)
2026-08-23 12:23:47.229 D  registerFont(SansSerif,Microsoft JhengHei UI Light)
2026-08-23 12:23:47.229 D  registerFont(SansSerif,Microsoft JhengHei UI Light)
2026-08-23 12:23:47.229 D  registerFont(SansSerif,Microsoft New Tai Lue)
2026-08-23 12:23:47.229 D  registerFont(SansSerif,Microsoft PhagsPa)
2026-08-23 12:23:47.229 D  registerFont(SansSerif,Microsoft Sans Serif)
2026-08-23 12:23:47.229 D  registerFont(SansSerif,Microsoft Sans Serif)
2026-08-23 12:23:47.229 D  registerFont(SansSerif,Microsoft Sans Serif)
2026-08-23 12:23:47.229 D  registerFont(SansSerif,Microsoft Sans Serif)
2026-08-23 12:23:47.229 D  registerFont(SansSerif,Microsoft Sans Serif)
2026-08-23 12:23:47.229 D  registerFont(SansSerif,Microsoft Sans Serif)
2026-08-23 12:23:47.229 D  registerFont(SansSerif,Microsoft Sans Serif)
2026-08-23 12:23:47.229 D  registerFont(SansSerif,Microsoft Sans Serif)
2026-08-23 12:23:47.229 D  registerFont(SansSerif,Microsoft Sans Serif)
2026-08-23 12:23:47.229 D  registerFont(SansSerif,Microsoft Sans Serif)
2026-08-23 12:23:47.229 D  registerFont(SansSerif,Microsoft Tai Le)
2026-08-23 12:23:47.229 D  registerFont(SansSerif,Microsoft YaHei)
2026-08-23 12:23:47.229 D  registerFont(SansSerif,Microsoft YaHei)
2026-08-23 12:23:47.229 D  registerFont(SansSerif,Microsoft YaHei)
2026-08-23 12:23:47.229 D  registerFont(SansSerif,Microsoft YaHei)
2026-08-23 12:23:47.229 D  registerFont(SansSerif,Microsoft YaHei)
2026-08-23 12:23:47.229 D  registerFont(SansSerif,Microsoft YaHei)
2026-08-23 12:23:47.229 D  registerFont(SansSerif,Microsoft YaHei UI)
2026-08-23 12:23:47.229 D  registerFont(SansSerif,Microsoft YaHei UI)
2026-08-23 12:23:47.229 D  registerFont(SansSerif,Microsoft YaHei UI)
2026-08-23 12:23:47.229 D  registerFont(SansSerif,Microsoft YaHei UI)
2026-08-23 12:23:47.229 D  registerFont(SansSerif,Microsoft YaHei UI)
2026-08-23 12:23:47.229 D  registerFont(SansSerif,Microsoft YaHei UI)
2026-08-23 12:23:47.229 D  registerFont(SansSerif,Microsoft YaHei Light)
2026-08-23 12:23:47.229 D  registerFont(SansSerif,Microsoft YaHei Light)
2026-08-23 12:23:47.229 D  registerFont(SansSerif,Microsoft YaHei Light)
2026-08-23 12:23:47.229 D  registerFont(SansSerif,Microsoft YaHei Light)
2026-08-23 12:23:47.229 D  registerFont(SansSerif,Microsoft YaHei Light)
2026-08-23 12:23:47.229 D  registerFont(SansSerif,Microsoft YaHei Light)
2026-08-23 12:23:47.229 D  registerFont(SansSerif,Microsoft YaHei UI Light)
2026-08-23 12:23:47.230 D  registerFont(SansSerif,Microsoft YaHei UI Light)
2026-08-23 12:23:47.230 D  registerFont(SansSerif,Microsoft YaHei UI Light)
2026-08-23 12:23:47.230 D  registerFont(SansSerif,Microsoft YaHei UI Light)
2026-08-23 12:23:47.230 D  registerFont(SansSerif,Microsoft YaHei UI Light)
2026-08-23 12:23:47.230 D  registerFont(SansSerif,Microsoft YaHei UI Light)
2026-08-23 12:23:47.230 D  registerFont(Cursive,Microsoft Yi Baiti)
2026-08-23 12:23:47.230 D  registerFont(Serif,MingLiU-ExtB)
2026-08-23 12:23:47.230 D  registerFont(Serif,MingLiU-ExtB)
2026-08-23 12:23:47.230 D  registerFont(Serif,PMingLiU-ExtB)
2026-08-23 12:23:47.230 D  registerFont(Serif,PMingLiU-ExtB)
2026-08-23 12:23:47.230 D  registerFont(Serif,MingLiU_HKSCS-ExtB)
2026-08-23 12:23:47.230 D  registerFont(Serif,MingLiU_HKSCS-ExtB)
2026-08-23 12:23:47.230 D  registerFont(Serif,MingLiU_MSCS-ExtB)
2026-08-23 12:23:47.230 D  registerFont(Serif,MingLiU_MSCS-ExtB)
2026-08-23 12:23:47.230 D  registerFont(Cursive,Mongolian Baiti)
2026-08-23 12:23:47.230 D  registerFont(MonoSpace,MS Gothic)
2026-08-23 12:23:47.230 D  registerFont(MonoSpace,MS Gothic)
2026-08-23 12:23:47.230 D  registerFont(MonoSpace,MS Gothic)
2026-08-23 12:23:47.230 D  registerFont(MonoSpace,MS Gothic)
2026-08-23 12:23:47.230 D  registerFont(MonoSpace,MS Gothic)
2026-08-23 12:23:47.230 D  registerFont(MonoSpace,MS Gothic)
2026-08-23 12:23:47.230 D  registerFont(MonoSpace,MS Gothic)
2026-08-23 12:23:47.230 D  registerFont(SansSerif,MS UI Gothic)
2026-08-23 12:23:47.230 D  registerFont(SansSerif,MS UI Gothic)
2026-08-23 12:23:47.230 D  registerFont(SansSerif,MS UI Gothic)
2026-08-23 12:23:47.230 D  registerFont(SansSerif,MS UI Gothic)
2026-08-23 12:23:47.230 D  registerFont(SansSerif,MS UI Gothic)
2026-08-23 12:23:47.230 D  registerFont(SansSerif,MS UI Gothic)
2026-08-23 12:23:47.230 D  registerFont(SansSerif,MS UI Gothic)
2026-08-23 12:23:47.230 D  registerFont(SansSerif,MS PGothic)
2026-08-23 12:23:47.230 D  registerFont(SansSerif,MS PGothic)
2026-08-23 12:23:47.230 D  registerFont(SansSerif,MS PGothic)
2026-08-23 12:23:47.230 D  registerFont(SansSerif,MS PGothic)
2026-08-23 12:23:47.230 D  registerFont(SansSerif,MS PGothic)
2026-08-23 12:23:47.230 D  registerFont(SansSerif,MS PGothic)
2026-08-23 12:23:47.230 D  registerFont(SansSerif,MS PGothic)
2026-08-23 12:23:47.230 D  registerFont(SansSerif,MV Boli)
2026-08-23 12:23:47.230 D  registerFont(SansSerif,Myanmar Text)
2026-08-23 12:23:47.230 D  registerFont(SansSerif,Nirmala UI)
2026-08-23 12:23:47.230 D  registerFont(SansSerif,Nirmala UI Semilight)
2026-08-23 12:23:47.230 D  registerFont(SansSerif,Nirmala Text)
2026-08-23 12:23:47.230 D  registerFont(SansSerif,Nirmala Text Semilight)
2026-08-23 12:23:47.230 D  registerFont(Serif,Palatino Linotype)
2026-08-23 12:23:47.230 D  registerFont(Serif,Palatino Linotype)
2026-08-23 12:23:47.230 D  registerFont(Serif,Palatino Linotype)
2026-08-23 12:23:47.230 D  registerFont(Serif,Palatino Linotype)
2026-08-23 12:23:47.230 D  registerFont(Serif,Palatino Linotype)
2026-08-23 12:23:47.230 D  registerFont(Serif,Palatino Linotype)
2026-08-23 12:23:47.230 D  registerFont(Serif,Palatino Linotype)
2026-08-23 12:23:47.230 D  registerFont(SansSerif,Sans Serif Collection)
2026-08-23 12:23:47.230 D  registerFont(SansSerif,Sans Serif Collection)
2026-08-23 12:23:47.230 D  registerFont(SansSerif,Sans Serif Collection)
2026-08-23 12:23:47.230 D  registerFont(SansSerif,Sans Serif Collection)
2026-08-23 12:23:47.230 D  registerFont(SansSerif,Sans Serif Collection)
2026-08-23 12:23:47.230 D  registerFont(SansSerif,Sans Serif Collection)
2026-08-23 12:23:47.230 D  registerFont(SansSerif,Sans Serif Collection)
2026-08-23 12:23:47.230 D  registerFont(SansSerif,Sans Serif Collection)
2026-08-23 12:23:47.230 D  registerFont(Serif,Segoe Fluent Icons)
2026-08-23 12:23:47.230 D  registerFont(Serif,Segoe MDL2 Assets)
2026-08-23 12:23:47.230 D  registerFont(SansSerif,Segoe Print)
2026-08-23 12:23:47.230 D  registerFont(SansSerif,Segoe Print)
2026-08-23 12:23:47.230 D  registerFont(SansSerif,Segoe Print)
2026-08-23 12:23:47.230 D  registerFont(SansSerif,Segoe Print)
2026-08-23 12:23:47.230 D  registerFont(SansSerif,Segoe Print)
2026-08-23 12:23:47.230 D  registerFont(SansSerif,Segoe Print)
2026-08-23 12:23:47.230 D  registerFont(Cursive,Segoe Script)
2026-08-23 12:23:47.230 D  registerFont(Cursive,Segoe Script)
2026-08-23 12:23:47.230 D  registerFont(Cursive,Segoe Script)
2026-08-23 12:23:47.230 D  registerFont(Cursive,Segoe Script)
2026-08-23 12:23:47.230 D  registerFont(Cursive,Segoe Script)
2026-08-23 12:23:47.230 D  registerFont(Cursive,Segoe Script)
2026-08-23 12:23:47.230 D  registerFont(SansSerif,Segoe UI)
2026-08-23 12:23:47.230 D  registerFont(SansSerif,Segoe UI)
2026-08-23 12:23:47.230 D  registerFont(SansSerif,Segoe UI)
2026-08-23 12:23:47.230 D  registerFont(SansSerif,Segoe UI)
2026-08-23 12:23:47.230 D  registerFont(SansSerif,Segoe UI)
2026-08-23 12:23:47.230 D  registerFont(SansSerif,Segoe UI)
2026-08-23 12:23:47.230 D  registerFont(SansSerif,Segoe UI)
2026-08-23 12:23:47.230 D  registerFont(SansSerif,Segoe UI)
2026-08-23 12:23:47.230 D  registerFont(SansSerif,Segoe UI)
2026-08-23 12:23:47.230 D  registerFont(SansSerif,Segoe UI Black)
2026-08-23 12:23:47.230 D  registerFont(SansSerif,Segoe UI Black)
2026-08-23 12:23:47.230 D  registerFont(SansSerif,Segoe UI Black)
2026-08-23 12:23:47.230 D  registerFont(SansSerif,Segoe UI Black)
2026-08-23 12:23:47.231 D  registerFont(SansSerif,Segoe UI Black)
2026-08-23 12:23:47.231 D  registerFont(SansSerif,Segoe UI Black)
2026-08-23 12:23:47.231 D  registerFont(SansSerif,Segoe UI Black)
2026-08-23 12:23:47.231 D  registerFont(SansSerif,Segoe UI Emoji)
2026-08-23 12:23:47.231 D  registerFont(SansSerif,Segoe UI Historic)
2026-08-23 12:23:47.231 D  registerFont(SansSerif,Segoe UI Light)
2026-08-23 12:23:47.231 D  registerFont(SansSerif,Segoe UI Light)
2026-08-23 12:23:47.231 D  registerFont(SansSerif,Segoe UI Light)
2026-08-23 12:23:47.231 D  registerFont(SansSerif,Segoe UI Light)
2026-08-23 12:23:47.231 D  registerFont(SansSerif,Segoe UI Light)
2026-08-23 12:23:47.231 D  registerFont(SansSerif,Segoe UI Light)
2026-08-23 12:23:47.231 D  registerFont(SansSerif,Segoe UI Light)
2026-08-23 12:23:47.231 D  registerFont(SansSerif,Segoe UI Light)
2026-08-23 12:23:47.231 D  registerFont(SansSerif,Segoe UI Light)
2026-08-23 12:23:47.231 D  registerFont(SansSerif,Segoe UI Semibold)
2026-08-23 12:23:47.231 D  registerFont(SansSerif,Segoe UI Semibold)
2026-08-23 12:23:47.231 D  registerFont(SansSerif,Segoe UI Semibold)
2026-08-23 12:23:47.231 D  registerFont(SansSerif,Segoe UI Semibold)
2026-08-23 12:23:47.231 D  registerFont(SansSerif,Segoe UI Semibold)
2026-08-23 12:23:47.231 D  registerFont(SansSerif,Segoe UI Semibold)
2026-08-23 12:23:47.231 D  registerFont(SansSerif,Segoe UI Semibold)
2026-08-23 12:23:47.231 D  registerFont(SansSerif,Segoe UI Semibold)
2026-08-23 12:23:47.231 D  registerFont(SansSerif,Segoe UI Semibold)
2026-08-23 12:23:47.231 D  registerFont(SansSerif,Segoe UI Semilight)
2026-08-23 12:23:47.231 D  registerFont(SansSerif,Segoe UI Semilight)
2026-08-23 12:23:47.231 D  registerFont(SansSerif,Segoe UI Semilight)
2026-08-23 12:23:47.231 D  registerFont(SansSerif,Segoe UI Semilight)
2026-08-23 12:23:47.231 D  registerFont(SansSerif,Segoe UI Semilight)
2026-08-23 12:23:47.231 D  registerFont(SansSerif,Segoe UI Semilight)
2026-08-23 12:23:47.231 D  registerFont(SansSerif,Segoe UI Semilight)
2026-08-23 12:23:47.231 D  registerFont(SansSerif,Segoe UI Semilight)
2026-08-23 12:23:47.231 D  registerFont(SansSerif,Segoe UI Semilight)
2026-08-23 12:23:47.231 D  registerFont(SansSerif,Segoe UI Symbol)
2026-08-23 12:23:47.231 D  registerFont(SansSerif,Segoe UI Variable Small Light)
2026-08-23 12:23:47.231 D  registerFont(SansSerif,Segoe UI Variable Small Light)
2026-08-23 12:23:47.231 D  registerFont(SansSerif,Segoe UI Variable Small Light)
2026-08-23 12:23:47.231 D  registerFont(SansSerif,Segoe UI Variable Small Light)
2026-08-23 12:23:47.231 D  registerFont(SansSerif,Segoe UI Variable Small Light)
2026-08-23 12:23:47.231 D  registerFont(SansSerif,Segoe UI Variable Small Light)
2026-08-23 12:23:47.231 D  registerFont(SansSerif,Segoe UI Variable Small Light)
2026-08-23 12:23:47.231 D  registerFont(SansSerif,Segoe UI Variable Small Semilig)
2026-08-23 12:23:47.231 D  registerFont(SansSerif,Segoe UI Variable Small Semilig)
2026-08-23 12:23:47.231 D  registerFont(SansSerif,Segoe UI Variable Small Semilig)
2026-08-23 12:23:47.231 D  registerFont(SansSerif,Segoe UI Variable Small Semilig)
2026-08-23 12:23:47.231 D  registerFont(SansSerif,Segoe UI Variable Small Semilig)
2026-08-23 12:23:47.231 D  registerFont(SansSerif,Segoe UI Variable Small Semilig)
2026-08-23 12:23:47.231 D  registerFont(SansSerif,Segoe UI Variable Small Semilig)
2026-08-23 12:23:47.231 D  registerFont(SansSerif,Segoe UI Variable Small)
2026-08-23 12:23:47.231 D  registerFont(SansSerif,Segoe UI Variable Small)
2026-08-23 12:23:47.231 D  registerFont(SansSerif,Segoe UI Variable Small)
2026-08-23 12:23:47.231 D  registerFont(SansSerif,Segoe UI Variable Small)
2026-08-23 12:23:47.231 D  registerFont(SansSerif,Segoe UI Variable Small)
2026-08-23 12:23:47.231 D  registerFont(SansSerif,Segoe UI Variable Small)
2026-08-23 12:23:47.231 D  registerFont(SansSerif,Segoe UI Variable Small)
2026-08-23 12:23:47.231 D  registerFont(SansSerif,Segoe UI Variable Small Semibol)
2026-08-23 12:23:47.231 D  registerFont(SansSerif,Segoe UI Variable Small Semibol)
2026-08-23 12:23:47.231 D  registerFont(SansSerif,Segoe UI Variable Small Semibol)
2026-08-23 12:23:47.231 D  registerFont(SansSerif,Segoe UI Variable Small Semibol)
2026-08-23 12:23:47.231 D  registerFont(SansSerif,Segoe UI Variable Small Semibol)
2026-08-23 12:23:47.231 D  registerFont(SansSerif,Segoe UI Variable Small Semibol)
2026-08-23 12:23:47.231 D  registerFont(SansSerif,Segoe UI Variable Small Semibol)
2026-08-23 12:23:47.231 D  registerFont(SansSerif,Segoe UI Variable Text Light)
2026-08-23 12:23:47.231 D  registerFont(SansSerif,Segoe UI Variable Text Light)
2026-08-23 12:23:47.231 D  registerFont(SansSerif,Segoe UI Variable Text Light)
2026-08-23 12:23:47.231 D  registerFont(SansSerif,Segoe UI Variable Text Light)
2026-08-23 12:23:47.231 D  registerFont(SansSerif,Segoe UI Variable Text Light)
2026-08-23 12:23:47.231 D  registerFont(SansSerif,Segoe UI Variable Text Light)
2026-08-23 12:23:47.231 D  registerFont(SansSerif,Segoe UI Variable Text Light)
2026-08-23 12:23:47.231 D  registerFont(SansSerif,Segoe UI Variable Text Semiligh)
2026-08-23 12:23:47.231 D  registerFont(SansSerif,Segoe UI Variable Text Semiligh)
2026-08-23 12:23:47.231 D  registerFont(SansSerif,Segoe UI Variable Text Semiligh)
2026-08-23 12:23:47.231 D  registerFont(SansSerif,Segoe UI Variable Text Semiligh)
2026-08-23 12:23:47.231 D  registerFont(SansSerif,Segoe UI Variable Text Semiligh)
2026-08-23 12:23:47.231 D  registerFont(SansSerif,Segoe UI Variable Text Semiligh)
2026-08-23 12:23:47.231 D  registerFont(SansSerif,Segoe UI Variable Text Semiligh)
2026-08-23 12:23:47.231 D  registerFont(SansSerif,Segoe UI Variable Text)
2026-08-23 12:23:47.231 D  registerFont(SansSerif,Segoe UI Variable Text)
2026-08-23 12:23:47.231 D  registerFont(SansSerif,Segoe UI Variable Text)
2026-08-23 12:23:47.231 D  registerFont(SansSerif,Segoe UI Variable Text)
2026-08-23 12:23:47.231 D  registerFont(SansSerif,Segoe UI Variable Text)
2026-08-23 12:23:47.231 D  registerFont(SansSerif,Segoe UI Variable Text)
2026-08-23 12:23:47.231 D  registerFont(SansSerif,Segoe UI Variable Text)
2026-08-23 12:23:47.232 D  registerFont(SansSerif,Segoe UI Variable Text Semibold)
2026-08-23 12:23:47.232 D  registerFont(SansSerif,Segoe UI Variable Text Semibold)
2026-08-23 12:23:47.232 D  registerFont(SansSerif,Segoe UI Variable Text Semibold)
2026-08-23 12:23:47.232 D  registerFont(SansSerif,Segoe UI Variable Text Semibold)
2026-08-23 12:23:47.232 D  registerFont(SansSerif,Segoe UI Variable Text Semibold)
2026-08-23 12:23:47.232 D  registerFont(SansSerif,Segoe UI Variable Text Semibold)
2026-08-23 12:23:47.232 D  registerFont(SansSerif,Segoe UI Variable Text Semibold)
2026-08-23 12:23:47.232 D  registerFont(SansSerif,Segoe UI Variable Display Light)
2026-08-23 12:23:47.232 D  registerFont(SansSerif,Segoe UI Variable Display Light)
2026-08-23 12:23:47.232 D  registerFont(SansSerif,Segoe UI Variable Display Light)
2026-08-23 12:23:47.232 D  registerFont(SansSerif,Segoe UI Variable Display Light)
2026-08-23 12:23:47.232 D  registerFont(SansSerif,Segoe UI Variable Display Light)
2026-08-23 12:23:47.232 D  registerFont(SansSerif,Segoe UI Variable Display Light)
2026-08-23 12:23:47.232 D  registerFont(SansSerif,Segoe UI Variable Display Light)
2026-08-23 12:23:47.232 D  registerFont(SansSerif,Segoe UI Variable Display Semil)
2026-08-23 12:23:47.232 D  registerFont(SansSerif,Segoe UI Variable Display Semil)
2026-08-23 12:23:47.232 D  registerFont(SansSerif,Segoe UI Variable Display Semil)
2026-08-23 12:23:47.232 D  registerFont(SansSerif,Segoe UI Variable Display Semil)
2026-08-23 12:23:47.232 D  registerFont(SansSerif,Segoe UI Variable Display Semil)
2026-08-23 12:23:47.232 D  registerFont(SansSerif,Segoe UI Variable Display Semil)
2026-08-23 12:23:47.232 D  registerFont(SansSerif,Segoe UI Variable Display Semil)
2026-08-23 12:23:47.232 D  registerFont(SansSerif,Segoe UI Variable Display)
2026-08-23 12:23:47.232 D  registerFont(SansSerif,Segoe UI Variable Display)
2026-08-23 12:23:47.232 D  registerFont(SansSerif,Segoe UI Variable Display)
2026-08-23 12:23:47.232 D  registerFont(SansSerif,Segoe UI Variable Display)
2026-08-23 12:23:47.232 D  registerFont(SansSerif,Segoe UI Variable Display)
2026-08-23 12:23:47.232 D  registerFont(SansSerif,Segoe UI Variable Display)
2026-08-23 12:23:47.232 D  registerFont(SansSerif,Segoe UI Variable Display)
2026-08-23 12:23:47.232 D  registerFont(SansSerif,Segoe UI Variable Display Semib)
2026-08-23 12:23:47.232 D  registerFont(SansSerif,Segoe UI Variable Display Semib)
2026-08-23 12:23:47.232 D  registerFont(SansSerif,Segoe UI Variable Display Semib)
2026-08-23 12:23:47.232 D  registerFont(SansSerif,Segoe UI Variable Display Semib)
2026-08-23 12:23:47.232 D  registerFont(SansSerif,Segoe UI Variable Display Semib)
2026-08-23 12:23:47.232 D  registerFont(SansSerif,Segoe UI Variable Display Semib)
2026-08-23 12:23:47.232 D  registerFont(SansSerif,Segoe UI Variable Display Semib)
2026-08-23 12:23:47.232 D  registerFont(SansSerif,SimSun)
2026-08-23 12:23:47.232 D  registerFont(SansSerif,SimSun)
2026-08-23 12:23:47.232 D  registerFont(MonoSpace,NSimSun)
2026-08-23 12:23:47.232 D  registerFont(MonoSpace,NSimSun)
2026-08-23 12:23:47.232 D  registerFont(MonoSpace,SimSun-ExtB)
2026-08-23 12:23:47.232 D  registerFont(MonoSpace,SimSun-ExtB)
2026-08-23 12:23:47.232 D  registerFont(SansSerif,Sitka Small)
2026-08-23 12:23:47.232 D  registerFont(SansSerif,Sitka Small)
2026-08-23 12:23:47.232 D  registerFont(SansSerif,Sitka Small)
2026-08-23 12:23:47.232 D  registerFont(SansSerif,Sitka Small)
2026-08-23 12:23:47.232 D  registerFont(SansSerif,Sitka Small)
2026-08-23 12:23:47.232 D  registerFont(SansSerif,Sitka Small)
2026-08-23 12:23:47.232 D  registerFont(SansSerif,Sitka Small)
2026-08-23 12:23:47.232 D  registerFont(SansSerif,Sitka Small Semibold)
2026-08-23 12:23:47.232 D  registerFont(SansSerif,Sitka Small Semibold)
2026-08-23 12:23:47.232 D  registerFont(SansSerif,Sitka Small Semibold)
2026-08-23 12:23:47.232 D  registerFont(SansSerif,Sitka Small Semibold)
2026-08-23 12:23:47.232 D  registerFont(SansSerif,Sitka Small Semibold)
2026-08-23 12:23:47.232 D  registerFont(SansSerif,Sitka Small Semibold)
2026-08-23 12:23:47.232 D  registerFont(SansSerif,Sitka Small Semibold)
2026-08-23 12:23:47.232 D  registerFont(SansSerif,Sitka Text)
2026-08-23 12:23:47.232 D  registerFont(SansSerif,Sitka Text)
2026-08-23 12:23:47.232 D  registerFont(SansSerif,Sitka Text)
2026-08-23 12:23:47.232 D  registerFont(SansSerif,Sitka Text)
2026-08-23 12:23:47.232 D  registerFont(SansSerif,Sitka Text)
2026-08-23 12:23:47.232 D  registerFont(SansSerif,Sitka Text)
2026-08-23 12:23:47.232 D  registerFont(SansSerif,Sitka Text)
2026-08-23 12:23:47.232 D  registerFont(SansSerif,Sitka Text Semibold)
2026-08-23 12:23:47.232 D  registerFont(SansSerif,Sitka Text Semibold)
2026-08-23 12:23:47.232 D  registerFont(SansSerif,Sitka Text Semibold)
2026-08-23 12:23:47.232 D  registerFont(SansSerif,Sitka Text Semibold)
2026-08-23 12:23:47.232 D  registerFont(SansSerif,Sitka Text Semibold)
2026-08-23 12:23:47.232 D  registerFont(SansSerif,Sitka Text Semibold)
2026-08-23 12:23:47.232 D  registerFont(SansSerif,Sitka Text Semibold)
2026-08-23 12:23:47.232 D  registerFont(SansSerif,Sitka Subheading)
2026-08-23 12:23:47.232 D  registerFont(SansSerif,Sitka Subheading)
2026-08-23 12:23:47.232 D  registerFont(SansSerif,Sitka Subheading)
2026-08-23 12:23:47.232 D  registerFont(SansSerif,Sitka Subheading)
2026-08-23 12:23:47.232 D  registerFont(SansSerif,Sitka Subheading)
2026-08-23 12:23:47.232 D  registerFont(SansSerif,Sitka Subheading)
2026-08-23 12:23:47.232 D  registerFont(SansSerif,Sitka Subheading)
2026-08-23 12:23:47.232 D  registerFont(SansSerif,Sitka Subheading Semibold)
2026-08-23 12:23:47.232 D  registerFont(SansSerif,Sitka Subheading Semibold)
2026-08-23 12:23:47.232 D  registerFont(SansSerif,Sitka Subheading Semibold)
2026-08-23 12:23:47.232 D  registerFont(SansSerif,Sitka Subheading Semibold)
2026-08-23 12:23:47.232 D  registerFont(SansSerif,Sitka Subheading Semibold)
2026-08-23 12:23:47.232 D  registerFont(SansSerif,Sitka Subheading Semibold)
2026-08-23 12:23:47.232 D  registerFont(SansSerif,Sitka Subheading Semibold)
2026-08-23 12:23:47.232 D  registerFont(SansSerif,Sitka Heading)
2026-08-23 12:23:47.233 D  registerFont(SansSerif,Sitka Heading)
2026-08-23 12:23:47.233 D  registerFont(SansSerif,Sitka Heading)
2026-08-23 12:23:47.233 D  registerFont(SansSerif,Sitka Heading)
2026-08-23 12:23:47.233 D  registerFont(SansSerif,Sitka Heading)
2026-08-23 12:23:47.233 D  registerFont(SansSerif,Sitka Heading)
2026-08-23 12:23:47.233 D  registerFont(SansSerif,Sitka Heading)
2026-08-23 12:23:47.233 D  registerFont(SansSerif,Sitka Heading Semibold)
2026-08-23 12:23:47.233 D  registerFont(SansSerif,Sitka Heading Semibold)
2026-08-23 12:23:47.233 D  registerFont(SansSerif,Sitka Heading Semibold)
2026-08-23 12:23:47.233 D  registerFont(SansSerif,Sitka Heading Semibold)
2026-08-23 12:23:47.233 D  registerFont(SansSerif,Sitka Heading Semibold)
2026-08-23 12:23:47.233 D  registerFont(SansSerif,Sitka Heading Semibold)
2026-08-23 12:23:47.233 D  registerFont(SansSerif,Sitka Heading Semibold)
2026-08-23 12:23:47.233 D  registerFont(SansSerif,Sitka Display)
2026-08-23 12:23:47.233 D  registerFont(SansSerif,Sitka Display)
2026-08-23 12:23:47.233 D  registerFont(SansSerif,Sitka Display)
2026-08-23 12:23:47.233 D  registerFont(SansSerif,Sitka Display)
2026-08-23 12:23:47.233 D  registerFont(SansSerif,Sitka Display)
2026-08-23 12:23:47.233 D  registerFont(SansSerif,Sitka Display)
2026-08-23 12:23:47.233 D  registerFont(SansSerif,Sitka Display)
2026-08-23 12:23:47.233 D  registerFont(SansSerif,Sitka Display Semibold)
2026-08-23 12:23:47.233 D  registerFont(SansSerif,Sitka Display Semibold)
2026-08-23 12:23:47.233 D  registerFont(SansSerif,Sitka Display Semibold)
2026-08-23 12:23:47.233 D  registerFont(SansSerif,Sitka Display Semibold)
2026-08-23 12:23:47.233 D  registerFont(SansSerif,Sitka Display Semibold)
2026-08-23 12:23:47.233 D  registerFont(SansSerif,Sitka Display Semibold)
2026-08-23 12:23:47.233 D  registerFont(SansSerif,Sitka Display Semibold)
2026-08-23 12:23:47.233 D  registerFont(SansSerif,Sitka Banner)
2026-08-23 12:23:47.233 D  registerFont(SansSerif,Sitka Banner)
2026-08-23 12:23:47.233 D  registerFont(SansSerif,Sitka Banner)
2026-08-23 12:23:47.233 D  registerFont(SansSerif,Sitka Banner)
2026-08-23 12:23:47.233 D  registerFont(SansSerif,Sitka Banner)
2026-08-23 12:23:47.233 D  registerFont(SansSerif,Sitka Banner)
2026-08-23 12:23:47.233 D  registerFont(SansSerif,Sitka Banner)
2026-08-23 12:23:47.233 D  registerFont(SansSerif,Sitka Banner Semibold)
2026-08-23 12:23:47.233 D  registerFont(SansSerif,Sitka Banner Semibold)
2026-08-23 12:23:47.233 D  registerFont(SansSerif,Sitka Banner Semibold)
2026-08-23 12:23:47.233 D  registerFont(SansSerif,Sitka Banner Semibold)
2026-08-23 12:23:47.233 D  registerFont(SansSerif,Sitka Banner Semibold)
2026-08-23 12:23:47.233 D  registerFont(SansSerif,Sitka Banner Semibold)
2026-08-23 12:23:47.233 D  registerFont(SansSerif,Sitka Banner Semibold)
2026-08-23 12:23:47.233 D  registerFont(Serif,Sylfaen)
2026-08-23 12:23:47.233 D  registerFont(Serif,Sylfaen)
2026-08-23 12:23:47.233 D  registerFont(Serif,Sylfaen)
2026-08-23 12:23:47.233 D  registerFont(Serif,Sylfaen)
2026-08-23 12:23:47.233 D  registerFont(Serif,Sylfaen)
2026-08-23 12:23:47.233 D  registerFont(Serif,Sylfaen)
2026-08-23 12:23:47.233 D  registerFont(Serif,Symbol)
2026-08-23 12:23:47.233 D  registerFont(SansSerif,Tahoma)
2026-08-23 12:23:47.233 D  registerFont(SansSerif,Tahoma)
2026-08-23 12:23:47.233 D  registerFont(SansSerif,Tahoma)
2026-08-23 12:23:47.233 D  registerFont(SansSerif,Tahoma)
2026-08-23 12:23:47.233 D  registerFont(SansSerif,Tahoma)
2026-08-23 12:23:47.233 D  registerFont(SansSerif,Tahoma)
2026-08-23 12:23:47.233 D  registerFont(SansSerif,Tahoma)
2026-08-23 12:23:47.233 D  registerFont(SansSerif,Tahoma)
2026-08-23 12:23:47.233 D  registerFont(SansSerif,Tahoma)
2026-08-23 12:23:47.233 D  registerFont(SansSerif,Tahoma)
2026-08-23 12:23:47.233 D  registerFont(Serif,Times New Roman)
2026-08-23 12:23:47.233 D  registerFont(Serif,Times New Roman)
2026-08-23 12:23:47.233 D  registerFont(Serif,Times New Roman)
2026-08-23 12:23:47.233 D  registerFont(Serif,Times New Roman)
2026-08-23 12:23:47.233 D  registerFont(Serif,Times New Roman)
2026-08-23 12:23:47.233 D  registerFont(Serif,Times New Roman)
2026-08-23 12:23:47.233 D  registerFont(Serif,Times New Roman)
2026-08-23 12:23:47.233 D  registerFont(Serif,Times New Roman)
2026-08-23 12:23:47.233 D  registerFont(Serif,Times New Roman)
2026-08-23 12:23:47.233 D  registerFont(SansSerif,Trebuchet MS)
2026-08-23 12:23:47.233 D  registerFont(SansSerif,Trebuchet MS)
2026-08-23 12:23:47.233 D  registerFont(SansSerif,Trebuchet MS)
2026-08-23 12:23:47.233 D  registerFont(SansSerif,Trebuchet MS)
2026-08-23 12:23:47.233 D  registerFont(SansSerif,Trebuchet MS)
2026-08-23 12:23:47.233 D  registerFont(SansSerif,Trebuchet MS)
2026-08-23 12:23:47.233 D  registerFont(SansSerif,Verdana)
2026-08-23 12:23:47.233 D  registerFont(SansSerif,Verdana)
2026-08-23 12:23:47.233 D  registerFont(SansSerif,Verdana)
2026-08-23 12:23:47.233 D  registerFont(SansSerif,Verdana)
2026-08-23 12:23:47.233 D  registerFont(SansSerif,Verdana)
2026-08-23 12:23:47.233 D  registerFont(SansSerif,Verdana)
2026-08-23 12:23:47.233 D  registerFont(SansSerif,Verdana)
2026-08-23 12:23:47.233 D  registerFont(Serif,Webdings)
2026-08-23 12:23:47.233 D  registerFont(SansSerif,Wingdings)
2026-08-23 12:23:47.233 D  registerFont(SansSerif,Yu Gothic)
2026-08-23 12:23:47.233 D  registerFont(SansSerif,Yu Gothic)
2026-08-23 12:23:47.233 D  registerFont(SansSerif,Yu Gothic)
2026-08-23 12:23:47.233 D  registerFont(SansSerif,Yu Gothic)
2026-08-23 12:23:47.234 D  registerFont(SansSerif,Yu Gothic)
2026-08-23 12:23:47.234 D  registerFont(SansSerif,Yu Gothic)
2026-08-23 12:23:47.234 D  registerFont(SansSerif,Yu Gothic)
2026-08-23 12:23:47.234 D  registerFont(SansSerif,Yu Gothic UI)
2026-08-23 12:23:47.234 D  registerFont(SansSerif,Yu Gothic UI)
2026-08-23 12:23:47.234 D  registerFont(SansSerif,Yu Gothic UI)
2026-08-23 12:23:47.234 D  registerFont(SansSerif,Yu Gothic UI)
2026-08-23 12:23:47.234 D  registerFont(SansSerif,Yu Gothic UI)
2026-08-23 12:23:47.234 D  registerFont(SansSerif,Yu Gothic UI)
2026-08-23 12:23:47.234 D  registerFont(SansSerif,Yu Gothic UI)
2026-08-23 12:23:47.234 D  registerFont(SansSerif,Yu Gothic UI Semibold)
2026-08-23 12:23:47.234 D  registerFont(SansSerif,Yu Gothic UI Semibold)
2026-08-23 12:23:47.234 D  registerFont(SansSerif,Yu Gothic UI Semibold)
2026-08-23 12:23:47.234 D  registerFont(SansSerif,Yu Gothic UI Semibold)
2026-08-23 12:23:47.234 D  registerFont(SansSerif,Yu Gothic UI Semibold)
2026-08-23 12:23:47.234 D  registerFont(SansSerif,Yu Gothic UI Semibold)
2026-08-23 12:23:47.234 D  registerFont(SansSerif,Yu Gothic UI Semibold)
2026-08-23 12:23:47.234 D  registerFont(SansSerif,Yu Gothic Light)
2026-08-23 12:23:47.234 D  registerFont(SansSerif,Yu Gothic Light)
2026-08-23 12:23:47.234 D  registerFont(SansSerif,Yu Gothic Light)
2026-08-23 12:23:47.234 D  registerFont(SansSerif,Yu Gothic Light)
2026-08-23 12:23:47.234 D  registerFont(SansSerif,Yu Gothic Light)
2026-08-23 12:23:47.234 D  registerFont(SansSerif,Yu Gothic Light)
2026-08-23 12:23:47.234 D  registerFont(SansSerif,Yu Gothic Light)
2026-08-23 12:23:47.234 D  registerFont(SansSerif,Yu Gothic UI Light)
2026-08-23 12:23:47.234 D  registerFont(SansSerif,Yu Gothic UI Light)
2026-08-23 12:23:47.234 D  registerFont(SansSerif,Yu Gothic UI Light)
2026-08-23 12:23:47.234 D  registerFont(SansSerif,Yu Gothic UI Light)
2026-08-23 12:23:47.234 D  registerFont(SansSerif,Yu Gothic UI Light)
2026-08-23 12:23:47.234 D  registerFont(SansSerif,Yu Gothic UI Light)
2026-08-23 12:23:47.234 D  registerFont(SansSerif,Yu Gothic UI Light)
2026-08-23 12:23:47.234 D  registerFont(SansSerif,Yu Gothic Medium)
2026-08-23 12:23:47.234 D  registerFont(SansSerif,Yu Gothic Medium)
2026-08-23 12:23:47.234 D  registerFont(SansSerif,Yu Gothic Medium)
2026-08-23 12:23:47.234 D  registerFont(SansSerif,Yu Gothic Medium)
2026-08-23 12:23:47.234 D  registerFont(SansSerif,Yu Gothic Medium)
2026-08-23 12:23:47.234 D  registerFont(SansSerif,Yu Gothic Medium)
2026-08-23 12:23:47.234 D  registerFont(SansSerif,Yu Gothic Medium)
2026-08-23 12:23:47.234 D  registerFont(SansSerif,Yu Gothic UI Semilight)
2026-08-23 12:23:47.234 D  registerFont(SansSerif,Yu Gothic UI Semilight)
2026-08-23 12:23:47.234 D  registerFont(SansSerif,Yu Gothic UI Semilight)
2026-08-23 12:23:47.234 D  registerFont(SansSerif,Yu Gothic UI Semilight)
2026-08-23 12:23:47.234 D  registerFont(SansSerif,Yu Gothic UI Semilight)
2026-08-23 12:23:47.234 D  registerFont(SansSerif,Yu Gothic UI Semilight)
2026-08-23 12:23:47.234 D  registerFont(SansSerif,Yu Gothic UI Semilight)
2026-08-23 12:23:47.234 D  registerFont(MonoSpace,SimSun-ExtG)
2026-08-23 12:23:47.234 D  registerFont(MonoSpace,SimSun-ExtG)
2026-08-23 12:23:47.234 D  registerFont(MonoSpace,BIZ UDGothic)
2026-08-23 12:23:47.234 D  registerFont(MonoSpace,BIZ UDGothic)
2026-08-23 12:23:47.234 D  registerFont(SansSerif,BIZ UDPGothic)
2026-08-23 12:23:47.234 D  registerFont(SansSerif,BIZ UDPGothic)
2026-08-23 12:23:47.234 D  registerFont(MonoSpace,BIZ UDMincho Medium)
2026-08-23 12:23:47.234 D  registerFont(MonoSpace,BIZ UDMincho Medium)
2026-08-23 12:23:47.234 D  registerFont(Serif,BIZ UDPMincho Medium)
2026-08-23 12:23:47.234 D  registerFont(Serif,BIZ UDPMincho Medium)
2026-08-23 12:23:47.234 D  registerFont(SansSerif,Meiryo)
2026-08-23 12:23:47.234 D  registerFont(SansSerif,Meiryo)
2026-08-23 12:23:47.234 D  registerFont(SansSerif,Meiryo)
2026-08-23 12:23:47.234 D  registerFont(SansSerif,Meiryo)
2026-08-23 12:23:47.234 D  registerFont(SansSerif,Meiryo)
2026-08-23 12:23:47.234 D  registerFont(SansSerif,Meiryo)
2026-08-23 12:23:47.234 D  registerFont(SansSerif,Meiryo)
2026-08-23 12:23:47.234 D  registerFont(SansSerif,Meiryo UI)
2026-08-23 12:23:47.234 D  registerFont(SansSerif,Meiryo UI)
2026-08-23 12:23:47.234 D  registerFont(SansSerif,Meiryo UI)
2026-08-23 12:23:47.234 D  registerFont(SansSerif,Meiryo UI)
2026-08-23 12:23:47.234 D  registerFont(SansSerif,Meiryo UI)
2026-08-23 12:23:47.234 D  registerFont(SansSerif,Meiryo UI)
2026-08-23 12:23:47.234 D  registerFont(SansSerif,Meiryo UI)
2026-08-23 12:23:47.234 D  registerFont(MonoSpace,MS Mincho)
2026-08-23 12:23:47.234 D  registerFont(MonoSpace,MS Mincho)
2026-08-23 12:23:47.234 D  registerFont(MonoSpace,MS Mincho)
2026-08-23 12:23:47.234 D  registerFont(MonoSpace,MS Mincho)
2026-08-23 12:23:47.234 D  registerFont(MonoSpace,MS Mincho)
2026-08-23 12:23:47.234 D  registerFont(MonoSpace,MS Mincho)
2026-08-23 12:23:47.234 D  registerFont(MonoSpace,MS Mincho)
2026-08-23 12:23:47.234 D  registerFont(Serif,MS PMincho)
2026-08-23 12:23:47.234 D  registerFont(Serif,MS PMincho)
2026-08-23 12:23:47.234 D  registerFont(Serif,MS PMincho)
2026-08-23 12:23:47.234 D  registerFont(Serif,MS PMincho)
2026-08-23 12:23:47.234 D  registerFont(Serif,MS PMincho)
2026-08-23 12:23:47.234 D  registerFont(Serif,MS PMincho)
2026-08-23 12:23:47.234 D  registerFont(Serif,MS PMincho)
2026-08-23 12:23:47.234 D  registerFont(SansSerif,Noto Sans JP Thin)
2026-08-23 12:23:47.234 D  registerFont(SansSerif,Noto Sans JP Thin)
2026-08-23 12:23:47.234 D  registerFont(SansSerif,Noto Sans JP Thin)
2026-08-23 12:23:47.234 D  registerFont(SansSerif,Noto Sans JP Thin)
2026-08-23 12:23:47.234 D  registerFont(SansSerif,Noto Sans JP Thin)
2026-08-23 12:23:47.234 D  registerFont(SansSerif,Noto Sans JP Thin)
2026-08-23 12:23:47.234 D  registerFont(SansSerif,Noto Sans JP Light)
2026-08-23 12:23:47.234 D  registerFont(SansSerif,Noto Sans JP Light)
2026-08-23 12:23:47.234 D  registerFont(SansSerif,Noto Sans JP Light)
2026-08-23 12:23:47.234 D  registerFont(SansSerif,Noto Sans JP Light)
2026-08-23 12:23:47.234 D  registerFont(SansSerif,Noto Sans JP Light)
2026-08-23 12:23:47.234 D  registerFont(SansSerif,Noto Sans JP Light)
2026-08-23 12:23:47.234 D  registerFont(SansSerif,Noto Sans JP DemiLight)
2026-08-23 12:23:47.234 D  registerFont(SansSerif,Noto Sans JP DemiLight)
2026-08-23 12:23:47.234 D  registerFont(SansSerif,Noto Sans JP DemiLight)
2026-08-23 12:23:47.234 D  registerFont(SansSerif,Noto Sans JP DemiLight)
2026-08-23 12:23:47.234 D  registerFont(SansSerif,Noto Sans JP DemiLight)
2026-08-23 12:23:47.234 D  registerFont(SansSerif,Noto Sans JP DemiLight)
2026-08-23 12:23:47.234 D  registerFont(SansSerif,Noto Sans JP)
2026-08-23 12:23:47.234 D  registerFont(SansSerif,Noto Sans JP)
2026-08-23 12:23:47.234 D  registerFont(SansSerif,Noto Sans JP)
2026-08-23 12:23:47.234 D  registerFont(SansSerif,Noto Sans JP)
2026-08-23 12:23:47.234 D  registerFont(SansSerif,Noto Sans JP)
2026-08-23 12:23:47.234 D  registerFont(SansSerif,Noto Sans JP)
2026-08-23 12:23:47.234 D  registerFont(SansSerif,Noto Sans JP Medium)
2026-08-23 12:23:47.234 D  registerFont(SansSerif,Noto Sans JP Medium)
2026-08-23 12:23:47.234 D  registerFont(SansSerif,Noto Sans JP Medium)
2026-08-23 12:23:47.234 D  registerFont(SansSerif,Noto Sans JP Medium)
2026-08-23 12:23:47.234 D  registerFont(SansSerif,Noto Sans JP Medium)
2026-08-23 12:23:47.234 D  registerFont(SansSerif,Noto Sans JP Medium)
2026-08-23 12:23:47.234 D  registerFont(SansSerif,Noto Sans JP Black)
2026-08-23 12:23:47.234 D  registerFont(SansSerif,Noto Sans JP Black)
2026-08-23 12:23:47.234 D  registerFont(SansSerif,Noto Sans JP Black)
2026-08-23 12:23:47.234 D  registerFont(SansSerif,Noto Sans JP Black)
2026-08-23 12:23:47.234 D  registerFont(SansSerif,Noto Sans JP Black)
2026-08-23 12:23:47.234 D  registerFont(SansSerif,Noto Sans JP Black)
2026-08-23 12:23:47.234 D  registerFont(Serif,Noto Serif JP ExtraLight)
2026-08-23 12:23:47.234 D  registerFont(Serif,Noto Serif JP ExtraLight)
2026-08-23 12:23:47.234 D  registerFont(Serif,Noto Serif JP ExtraLight)
2026-08-23 12:23:47.234 D  registerFont(Serif,Noto Serif JP ExtraLight)
2026-08-23 12:23:47.234 D  registerFont(Serif,Noto Serif JP ExtraLight)
2026-08-23 12:23:47.234 D  registerFont(Serif,Noto Serif JP ExtraLight)
2026-08-23 12:23:47.236 D  registerFont(Serif,Noto Serif JP Light)
2026-08-23 12:23:47.236 D  registerFont(Serif,Noto Serif JP Light)
2026-08-23 12:23:47.236 D  registerFont(Serif,Noto Serif JP Light)
2026-08-23 12:23:47.236 D  registerFont(Serif,Noto Serif JP Light)
2026-08-23 12:23:47.236 D  registerFont(Serif,Noto Serif JP Light)
2026-08-23 12:23:47.236 D  registerFont(Serif,Noto Serif JP Light)
2026-08-23 12:23:47.236 D  registerFont(Serif,Noto Serif JP)
2026-08-23 12:23:47.236 D  registerFont(Serif,Noto Serif JP)
2026-08-23 12:23:47.236 D  registerFont(Serif,Noto Serif JP)
2026-08-23 12:23:47.236 D  registerFont(Serif,Noto Serif JP)
2026-08-23 12:23:47.236 D  registerFont(Serif,Noto Serif JP)
2026-08-23 12:23:47.236 D  registerFont(Serif,Noto Serif JP)
2026-08-23 12:23:47.236 D  registerFont(Serif,Noto Serif JP Medium)
2026-08-23 12:23:47.236 D  registerFont(Serif,Noto Serif JP Medium)
2026-08-23 12:23:47.236 D  registerFont(Serif,Noto Serif JP Medium)
2026-08-23 12:23:47.236 D  registerFont(Serif,Noto Serif JP Medium)
2026-08-23 12:23:47.236 D  registerFont(Serif,Noto Serif JP Medium)
2026-08-23 12:23:47.236 D  registerFont(Serif,Noto Serif JP Medium)
2026-08-23 12:23:47.236 D  registerFont(Serif,Noto Serif JP SemiBold)
2026-08-23 12:23:47.236 D  registerFont(Serif,Noto Serif JP SemiBold)
2026-08-23 12:23:47.236 D  registerFont(Serif,Noto Serif JP SemiBold)
2026-08-23 12:23:47.236 D  registerFont(Serif,Noto Serif JP SemiBold)
2026-08-23 12:23:47.236 D  registerFont(Serif,Noto Serif JP SemiBold)
2026-08-23 12:23:47.236 D  registerFont(Serif,Noto Serif JP SemiBold)
2026-08-23 12:23:47.236 D  registerFont(Serif,Noto Serif JP Black)
2026-08-23 12:23:47.236 D  registerFont(Serif,Noto Serif JP Black)
2026-08-23 12:23:47.236 D  registerFont(Serif,Noto Serif JP Black)
2026-08-23 12:23:47.236 D  registerFont(Serif,Noto Serif JP Black)
2026-08-23 12:23:47.236 D  registerFont(Serif,Noto Serif JP Black)
2026-08-23 12:23:47.236 D  registerFont(Serif,Noto Serif JP Black)
2026-08-23 12:23:47.236 D  registerFont(MonoSpace,UD Digi Kyokasho N)
2026-08-23 12:23:47.236 D  registerFont(Serif,UD Digi Kyokasho NP)
2026-08-23 12:23:47.236 D  registerFont(Serif,UD Digi Kyokasho NK)
2026-08-23 12:23:47.236 D  registerFont(Serif,Yu Mincho)
2026-08-23 12:23:47.236 D  registerFont(Serif,Yu Mincho)
2026-08-23 12:23:47.236 D  registerFont(Serif,Yu Mincho)
2026-08-23 12:23:47.236 D  registerFont(Serif,Yu Mincho)
2026-08-23 12:23:47.236 D  registerFont(Serif,Yu Mincho)
2026-08-23 12:23:47.236 D  registerFont(Serif,Yu Mincho)
2026-08-23 12:23:47.236 D  registerFont(Serif,Yu Mincho)
2026-08-23 12:23:47.236 D  registerFont(Serif,Yu Mincho Demibold)
2026-08-23 12:23:47.236 D  registerFont(Serif,Yu Mincho Demibold)
2026-08-23 12:23:47.236 D  registerFont(Serif,Yu Mincho Demibold)
2026-08-23 12:23:47.236 D  registerFont(Serif,Yu Mincho Demibold)
2026-08-23 12:23:47.236 D  registerFont(Serif,Yu Mincho Demibold)
2026-08-23 12:23:47.236 D  registerFont(Serif,Yu Mincho Demibold)
2026-08-23 12:23:47.236 D  registerFont(Serif,Yu Mincho Demibold)
2026-08-23 12:23:47.236 D  registerFont(Serif,Yu Mincho Light)
2026-08-23 12:23:47.236 D  registerFont(Serif,Yu Mincho Light)
2026-08-23 12:23:47.236 D  registerFont(Serif,Yu Mincho Light)
2026-08-23 12:23:47.236 D  registerFont(Serif,Yu Mincho Light)
2026-08-23 12:23:47.236 D  registerFont(Serif,Yu Mincho Light)
2026-08-23 12:23:47.236 D  registerFont(Serif,Yu Mincho Light)
2026-08-23 12:23:47.236 D  registerFont(Serif,Yu Mincho Light)
2026-08-23 12:23:47.236 D  registerFont(MonoSpace,Cascadia Code ExtraLight)
2026-08-23 12:23:47.236 D  registerFont(MonoSpace,Cascadia Code ExtraLight)
2026-08-23 12:23:47.236 D  registerFont(MonoSpace,Cascadia Code ExtraLight)
2026-08-23 12:23:47.236 D  registerFont(MonoSpace,Cascadia Code ExtraLight)
2026-08-23 12:23:47.236 D  registerFont(MonoSpace,Cascadia Code ExtraLight)
2026-08-23 12:23:47.236 D  registerFont(MonoSpace,Cascadia Code ExtraLight)
2026-08-23 12:23:47.236 D  registerFont(MonoSpace,Cascadia Code ExtraLight)
2026-08-23 12:23:47.236 D  registerFont(MonoSpace,Cascadia Code Light)
2026-08-23 12:23:47.236 D  registerFont(MonoSpace,Cascadia Code Light)
2026-08-23 12:23:47.236 D  registerFont(MonoSpace,Cascadia Code Light)
2026-08-23 12:23:47.236 D  registerFont(MonoSpace,Cascadia Code Light)
2026-08-23 12:23:47.236 D  registerFont(MonoSpace,Cascadia Code Light)
2026-08-23 12:23:47.236 D  registerFont(MonoSpace,Cascadia Code Light)
2026-08-23 12:23:47.236 D  registerFont(MonoSpace,Cascadia Code Light)
2026-08-23 12:23:47.236 D  registerFont(MonoSpace,Cascadia Code SemiLight)
2026-08-23 12:23:47.236 D  registerFont(MonoSpace,Cascadia Code SemiLight)
2026-08-23 12:23:47.236 D  registerFont(MonoSpace,Cascadia Code SemiLight)
2026-08-23 12:23:47.236 D  registerFont(MonoSpace,Cascadia Code SemiLight)
2026-08-23 12:23:47.236 D  registerFont(MonoSpace,Cascadia Code SemiLight)
2026-08-23 12:23:47.236 D  registerFont(MonoSpace,Cascadia Code SemiLight)
2026-08-23 12:23:47.236 D  registerFont(MonoSpace,Cascadia Code SemiLight)
2026-08-23 12:23:47.236 D  registerFont(MonoSpace,Cascadia Code)
2026-08-23 12:23:47.236 D  registerFont(MonoSpace,Cascadia Code)
2026-08-23 12:23:47.236 D  registerFont(MonoSpace,Cascadia Code)
2026-08-23 12:23:47.236 D  registerFont(MonoSpace,Cascadia Code)
2026-08-23 12:23:47.236 D  registerFont(MonoSpace,Cascadia Code)
2026-08-23 12:23:47.236 D  registerFont(MonoSpace,Cascadia Code)
2026-08-23 12:23:47.236 D  registerFont(MonoSpace,Cascadia Code)
2026-08-23 12:23:47.236 D  registerFont(MonoSpace,Cascadia Code SemiBold)
2026-08-23 12:23:47.237 D  registerFont(MonoSpace,Cascadia Code SemiBold)
2026-08-23 12:23:47.237 D  registerFont(MonoSpace,Cascadia Code SemiBold)
2026-08-23 12:23:47.237 D  registerFont(MonoSpace,Cascadia Code SemiBold)
2026-08-23 12:23:47.237 D  registerFont(MonoSpace,Cascadia Code SemiBold)
2026-08-23 12:23:47.237 D  registerFont(MonoSpace,Cascadia Code SemiBold)
2026-08-23 12:23:47.237 D  registerFont(MonoSpace,Cascadia Code SemiBold)
2026-08-23 12:23:47.237 D  registerFont(MonoSpace,Cascadia Mono ExtraLight)
2026-08-23 12:23:47.237 D  registerFont(MonoSpace,Cascadia Mono ExtraLight)
2026-08-23 12:23:47.237 D  registerFont(MonoSpace,Cascadia Mono ExtraLight)
2026-08-23 12:23:47.237 D  registerFont(MonoSpace,Cascadia Mono ExtraLight)
2026-08-23 12:23:47.237 D  registerFont(MonoSpace,Cascadia Mono ExtraLight)
2026-08-23 12:23:47.237 D  registerFont(MonoSpace,Cascadia Mono ExtraLight)
2026-08-23 12:23:47.237 D  registerFont(MonoSpace,Cascadia Mono ExtraLight)
2026-08-23 12:23:47.237 D  registerFont(MonoSpace,Cascadia Mono Light)
2026-08-23 12:23:47.237 D  registerFont(MonoSpace,Cascadia Mono Light)
2026-08-23 12:23:47.237 D  registerFont(MonoSpace,Cascadia Mono Light)
2026-08-23 12:23:47.237 D  registerFont(MonoSpace,Cascadia Mono Light)
2026-08-23 12:23:47.237 D  registerFont(MonoSpace,Cascadia Mono Light)
2026-08-23 12:23:47.237 D  registerFont(MonoSpace,Cascadia Mono Light)
2026-08-23 12:23:47.237 D  registerFont(MonoSpace,Cascadia Mono Light)
2026-08-23 12:23:47.237 D  registerFont(MonoSpace,Cascadia Mono SemiLight)
2026-08-23 12:23:47.237 D  registerFont(MonoSpace,Cascadia Mono SemiLight)
2026-08-23 12:23:47.237 D  registerFont(MonoSpace,Cascadia Mono SemiLight)
2026-08-23 12:23:47.237 D  registerFont(MonoSpace,Cascadia Mono SemiLight)
2026-08-23 12:23:47.237 D  registerFont(MonoSpace,Cascadia Mono SemiLight)
2026-08-23 12:23:47.237 D  registerFont(MonoSpace,Cascadia Mono SemiLight)
2026-08-23 12:23:47.237 D  registerFont(MonoSpace,Cascadia Mono SemiLight)
2026-08-23 12:23:47.237 D  registerFont(MonoSpace,Cascadia Mono)
2026-08-23 12:23:47.237 D  registerFont(MonoSpace,Cascadia Mono)
2026-08-23 12:23:47.237 D  registerFont(MonoSpace,Cascadia Mono)
2026-08-23 12:23:47.237 D  registerFont(MonoSpace,Cascadia Mono)
2026-08-23 12:23:47.237 D  registerFont(MonoSpace,Cascadia Mono)
2026-08-23 12:23:47.237 D  registerFont(MonoSpace,Cascadia Mono)
2026-08-23 12:23:47.237 D  registerFont(MonoSpace,Cascadia Mono)
2026-08-23 12:23:47.237 D  registerFont(MonoSpace,Cascadia Mono SemiBold)
2026-08-23 12:23:47.237 D  registerFont(MonoSpace,Cascadia Mono SemiBold)
2026-08-23 12:23:47.237 D  registerFont(MonoSpace,Cascadia Mono SemiBold)
2026-08-23 12:23:47.237 D  registerFont(MonoSpace,Cascadia Mono SemiBold)
2026-08-23 12:23:47.237 D  registerFont(MonoSpace,Cascadia Mono SemiBold)
2026-08-23 12:23:47.237 D  registerFont(MonoSpace,Cascadia Mono SemiBold)
2026-08-23 12:23:47.237 D  registerFont(MonoSpace,Cascadia Mono SemiBold)
2026-08-23 12:23:47.237 D  registerFont(MonoSpace,Unispace)
2026-08-23 12:23:47.237 D  registerFont(MonoSpace,Unispace)
2026-08-23 12:23:47.237 D  registerFont(MonoSpace,Unispace)
2026-08-23 12:23:47.237 D  registerFont(MonoSpace,Unispace)
2026-08-23 12:23:47.237 D  registerFont(SansSerif,Noto Sans Lao)
2026-08-23 12:23:47.237 D  registerFont(Serif,Noto Serif)
2026-08-23 12:23:47.237 D  registerFont(Serif,Noto Serif)
2026-08-23 12:23:47.237 D  registerFont(Serif,Noto Serif)
2026-08-23 12:23:47.237 D  registerFont(Serif,Noto Serif)
2026-08-23 12:23:47.237 D  registerFont(Serif,Noto Serif)
2026-08-23 12:23:47.237 D  registerFont(Serif,Noto Serif)
2026-08-23 12:23:47.237 D  registerFont(Serif,Noto Serif)
2026-08-23 12:23:47.237 D  registerFont(SansSerif,Liberation Sans Narrow)
2026-08-23 12:23:47.237 D  registerFont(SansSerif,Liberation Sans Narrow)
2026-08-23 12:23:47.237 D  registerFont(SansSerif,Liberation Sans Narrow)
2026-08-23 12:23:47.237 D  registerFont(SansSerif,Liberation Sans Narrow)
2026-08-23 12:23:47.237 D  registerFont(SansSerif,Liberation Sans Narrow)
2026-08-23 12:23:47.237 D  registerFont(SansSerif,Liberation Sans Narrow)
2026-08-23 12:23:47.237 D  registerFont(SansSerif,Noto Sans Lisu)
2026-08-23 12:23:47.237 D  registerFont(Serif,Noto Serif Georgian)
2026-08-23 12:23:47.237 D  registerFont(SansSerif,Noto Sans Hebrew)
2026-08-23 12:23:47.237 D  registerFont(SansSerif,Noto Sans Hebrew)
2026-08-23 12:23:47.237 D  registerFont(SansSerif,Noto Sans Hebrew)
2026-08-23 12:23:47.237 D  registerFont(SansSerif,Noto Sans Hebrew)
2026-08-23 12:23:47.237 D  registerFont(Serif,Noto Serif Hebrew)
2026-08-23 12:23:47.237 D  registerFont(Serif,Noto Serif Hebrew)
2026-08-23 12:23:47.237 D  registerFont(Serif,Noto Serif Hebrew)
2026-08-23 12:23:47.237 D  registerFont(Serif,Noto Serif Hebrew)
2026-08-23 12:23:47.237 D  registerFont(Serif,Caladea)
2026-08-23 12:23:47.237 D  registerFont(Serif,Caladea)
2026-08-23 12:23:47.237 D  registerFont(Serif,Caladea)
2026-08-23 12:23:47.237 D  registerFont(Serif,Caladea)
2026-08-23 12:23:47.237 D  registerFont(SansSerif,Alef)
2026-08-23 12:23:47.237 D  registerFont(SansSerif,Alef)
2026-08-23 12:23:47.237 D  registerFont(SansSerif,Alef)
2026-08-23 12:23:47.237 D  registerFont(SansSerif,Alef)
2026-08-23 12:23:47.237 D  registerFont(SansSerif,Alef)
2026-08-23 12:23:47.237 D  registerFont(SansSerif,Linux Biolinum G)
2026-08-23 12:23:47.237 D  registerFont(SansSerif,Linux Biolinum G)
2026-08-23 12:23:47.237 D  registerFont(SansSerif,Linux Biolinum G)
2026-08-23 12:23:47.237 D  registerFont(SansSerif,Linux Biolinum G)
2026-08-23 12:23:47.237 D  registerFont(SansSerif,Linux Biolinum G)
2026-08-23 12:23:47.237 D  registerFont(SansSerif,Linux Biolinum G)
2026-08-23 12:23:47.237 D  registerFont(SansSerif,Linux Biolinum G)
2026-08-23 12:23:47.237 D  registerFont(SansSerif,Linux Biolinum G)
2026-08-23 12:23:47.238 D  registerFont(SansSerif,Noto Kufi Arabic)
2026-08-23 12:23:47.238 D  registerFont(SansSerif,Noto Kufi Arabic)
2026-08-23 12:23:47.238 D  registerFont(SansSerif,Noto Kufi Arabic)
2026-08-23 12:23:47.238 D  registerFont(SansSerif,Noto Kufi Arabic)
2026-08-23 12:23:47.238 D  registerFont(SansSerif,Noto Sans Arabic)
2026-08-23 12:23:47.238 D  registerFont(SansSerif,Noto Naskh Arabic)
2026-08-23 12:23:47.238 D  registerFont(SansSerif,Noto Naskh Arabic)
2026-08-23 12:23:47.238 D  registerFont(SansSerif,Noto Naskh Arabic)
2026-08-23 12:23:47.238 D  registerFont(SansSerif,Noto Naskh Arabic)
2026-08-23 12:23:47.238 D  registerFont(SansSerif,Scheherazade)
2026-08-23 12:23:47.238 D  registerFont(SansSerif,Scheherazade)
2026-08-23 12:23:47.238 D  registerFont(SansSerif,Reem Kufi)
2026-08-23 12:23:47.238 D  registerFont(SansSerif,Reem Kufi)
2026-08-23 12:23:47.238 D  registerFont(SansSerif,Reem Kufi)
2026-08-23 12:23:47.238 D  registerFont(SansSerif,Reem Kufi)
2026-08-23 12:23:47.238 D  registerFont(SansSerif,Reem Kufi)
2026-08-23 12:23:47.238 D  registerFont(SansSerif,Reem Kufi)
2026-08-23 12:23:47.238 D  registerFont(SansSerif,Reem Kufi Medium)
2026-08-23 12:23:47.238 D  registerFont(SansSerif,Reem Kufi Medium)
2026-08-23 12:23:47.238 D  registerFont(SansSerif,Reem Kufi Medium)
2026-08-23 12:23:47.238 D  registerFont(SansSerif,Reem Kufi Medium)
2026-08-23 12:23:47.238 D  registerFont(SansSerif,Reem Kufi Medium)
2026-08-23 12:23:47.238 D  registerFont(SansSerif,Reem Kufi Medium)
2026-08-23 12:23:47.238 D  registerFont(SansSerif,Reem Kufi SemiBold)
2026-08-23 12:23:47.238 D  registerFont(SansSerif,Reem Kufi SemiBold)
2026-08-23 12:23:47.238 D  registerFont(SansSerif,Reem Kufi SemiBold)
2026-08-23 12:23:47.238 D  registerFont(SansSerif,Reem Kufi SemiBold)
2026-08-23 12:23:47.238 D  registerFont(SansSerif,Reem Kufi SemiBold)
2026-08-23 12:23:47.238 D  registerFont(SansSerif,Reem Kufi SemiBold)
2026-08-23 12:23:47.238 D  registerFont(MonoSpace,Liberation Mono)
2026-08-23 12:23:47.238 D  registerFont(MonoSpace,Liberation Mono)
2026-08-23 12:23:47.238 D  registerFont(MonoSpace,Liberation Mono)
2026-08-23 12:23:47.238 D  registerFont(MonoSpace,Liberation Mono)
2026-08-23 12:23:47.238 D  registerFont(MonoSpace,Liberation Mono)
2026-08-23 12:23:47.238 D  registerFont(MonoSpace,Liberation Mono)
2026-08-23 12:23:47.238 D  registerFont(MonoSpace,Liberation Mono)
2026-08-23 12:23:47.238 D  registerFont(MonoSpace,Liberation Mono)
2026-08-23 12:23:47.238 D  registerFont(SansSerif,Noto Serif Armenian)
2026-08-23 12:23:47.238 D  registerFont(SansSerif,Noto Serif Armenian)
2026-08-23 12:23:47.238 D  registerFont(SansSerif,Noto Serif Armenian)
2026-08-23 12:23:47.238 D  registerFont(SansSerif,Noto Serif Armenian)
2026-08-23 12:23:47.238 D  registerFont(SansSerif,Noto Sans Armenian)
2026-08-23 12:23:47.238 D  registerFont(SansSerif,Noto Sans Armenian)
2026-08-23 12:23:47.238 D  registerFont(SansSerif,Noto Sans Armenian)
2026-08-23 12:23:47.238 D  registerFont(SansSerif,Noto Sans Armenian)
2026-08-23 12:23:47.238 D  registerFont(SansSerif,OpenSymbol)
2026-08-23 12:23:47.238 D  registerFont(SansSerif,OpenSymbol)
2026-08-23 12:23:47.238 D  registerFont(SansSerif,Gentium Basic)
2026-08-23 12:23:47.238 D  registerFont(SansSerif,Gentium Basic)
2026-08-23 12:23:47.238 D  registerFont(SansSerif,Gentium Basic)
2026-08-23 12:23:47.238 D  registerFont(SansSerif,Carlito)
2026-08-23 12:23:47.238 D  registerFont(SansSerif,Carlito)
2026-08-23 12:23:47.238 D  registerFont(SansSerif,Carlito)
2026-08-23 12:23:47.238 D  registerFont(SansSerif,Carlito)
2026-08-23 12:23:47.238 D  registerFont(SansSerif,Carlito)
2026-08-23 12:23:47.238 D  registerFont(SansSerif,Carlito)
2026-08-23 12:23:47.238 D  registerFont(SansSerif,Carlito)
2026-08-23 12:23:47.238 D  registerFont(SansSerif,Noto Sans)
2026-08-23 12:23:47.238 D  registerFont(SansSerif,Noto Sans)
2026-08-23 12:23:47.238 D  registerFont(SansSerif,Noto Sans)
2026-08-23 12:23:47.238 D  registerFont(SansSerif,Noto Sans)
2026-08-23 12:23:47.238 D  registerFont(SansSerif,Noto Sans)
2026-08-23 12:23:47.238 D  registerFont(SansSerif,Noto Sans)
2026-08-23 12:23:47.238 D  registerFont(SansSerif,Noto Sans)
2026-08-23 12:23:47.238 D  registerFont(SansSerif,DejaVu Math TeX Gyre)
2026-08-23 12:23:47.238 D  registerFont(SansSerif,DejaVu Math TeX Gyre)
2026-08-23 12:23:47.238 D  registerFont(SansSerif,DejaVu Math TeX Gyre)
2026-08-23 12:23:47.238 D  registerFont(SansSerif,DejaVu Math TeX Gyre)
2026-08-23 12:23:47.238 D  registerFont(SansSerif,DejaVu Math TeX Gyre)
2026-08-23 12:23:47.238 D  registerFont(SansSerif,Amiri)
2026-08-23 12:23:47.238 D  registerFont(SansSerif,Amiri)
2026-08-23 12:23:47.238 D  registerFont(SansSerif,Amiri)
2026-08-23 12:23:47.238 D  registerFont(SansSerif,Amiri)
2026-08-23 12:23:47.238 D  registerFont(SansSerif,Amiri)
2026-08-23 12:23:47.238 D  registerFont(Serif,Noto Serif Lao)
2026-08-23 12:23:47.238 D  registerFont(SansSerif,Noto Sans Georgian Bold)
2026-08-23 12:23:47.238 D  registerFont(SansSerif,David Libre)
2026-08-23 12:23:47.238 D  registerFont(SansSerif,David Libre)
2026-08-23 12:23:47.238 D  registerFont(SansSerif,David Libre)
2026-08-23 12:23:47.238 D  registerFont(SansSerif,David Libre)
2026-08-23 12:23:47.238 D  registerFont(SansSerif,David Libre)
2026-08-23 12:23:47.238 D  registerFont(SansSerif,Amiri Quran)
2026-08-23 12:23:47.238 D  registerFont(SansSerif,Miriam Mono CLM)
2026-08-23 12:23:47.238 D  registerFont(SansSerif,DejaVu Sans)
2026-08-23 12:23:47.238 D  registerFont(SansSerif,DejaVu Sans)
2026-08-23 12:23:47.238 D  registerFont(SansSerif,DejaVu Sans)
2026-08-23 12:23:47.238 D  registerFont(SansSerif,DejaVu Sans)
2026-08-23 12:23:47.238 D  registerFont(SansSerif,DejaVu Sans)
2026-08-23 12:23:47.238 D  registerFont(SansSerif,DejaVu Sans)
2026-08-23 12:23:47.238 D  registerFont(SansSerif,DejaVu Sans)
2026-08-23 12:23:47.238 D  registerFont(SansSerif,DejaVu Sans)
2026-08-23 12:23:47.238 D  registerFont(SansSerif,DejaVu Sans)
2026-08-23 12:23:47.238 D  registerFont(SansSerif,DejaVu Sans Light)
2026-08-23 12:23:47.238 D  registerFont(SansSerif,DejaVu Sans Light)
2026-08-23 12:23:47.238 D  registerFont(SansSerif,DejaVu Sans Light)
2026-08-23 12:23:47.238 D  registerFont(SansSerif,DejaVu Sans Light)
2026-08-23 12:23:47.238 D  registerFont(SansSerif,DejaVu Sans Light)
2026-08-23 12:23:47.238 D  registerFont(SansSerif,DejaVu Sans Light)
2026-08-23 12:23:47.238 D  registerFont(SansSerif,DejaVu Sans Light)
2026-08-23 12:23:47.238 D  registerFont(SansSerif,DejaVu Sans Condensed)
2026-08-23 12:23:47.238 D  registerFont(SansSerif,DejaVu Sans Condensed)
2026-08-23 12:23:47.238 D  registerFont(SansSerif,DejaVu Sans Condensed)
2026-08-23 12:23:47.238 D  registerFont(SansSerif,DejaVu Sans Condensed)
2026-08-23 12:23:47.238 D  registerFont(SansSerif,DejaVu Sans Condensed)
2026-08-23 12:23:47.238 D  registerFont(SansSerif,DejaVu Sans Condensed)
2026-08-23 12:23:47.238 D  registerFont(SansSerif,DejaVu Sans Condensed)
2026-08-23 12:23:47.238 D  registerFont(SansSerif,DejaVu Sans Condensed)
2026-08-23 12:23:47.238 D  registerFont(SansSerif,DejaVu Sans Condensed)
2026-08-23 12:23:47.238 D  registerFont(MonoSpace,DejaVu Sans Mono)
2026-08-23 12:23:47.238 D  registerFont(MonoSpace,DejaVu Sans Mono)
2026-08-23 12:23:47.238 D  registerFont(MonoSpace,DejaVu Sans Mono)
2026-08-23 12:23:47.238 D  registerFont(MonoSpace,DejaVu Sans Mono)
2026-08-23 12:23:47.238 D  registerFont(MonoSpace,DejaVu Sans Mono)
2026-08-23 12:23:47.238 D  registerFont(MonoSpace,DejaVu Sans Mono)
2026-08-23 12:23:47.238 D  registerFont(MonoSpace,DejaVu Sans Mono)
2026-08-23 12:23:47.238 D  registerFont(MonoSpace,DejaVu Sans Mono)
2026-08-23 12:23:47.238 D  registerFont(Serif,DejaVu Serif)
2026-08-23 12:23:47.238 D  registerFont(Serif,DejaVu Serif)
2026-08-23 12:23:47.238 D  registerFont(Serif,DejaVu Serif)
2026-08-23 12:23:47.238 D  registerFont(Serif,DejaVu Serif)
2026-08-23 12:23:47.238 D  registerFont(Serif,DejaVu Serif)
2026-08-23 12:23:47.238 D  registerFont(Serif,DejaVu Serif)
2026-08-23 12:23:47.238 D  registerFont(Serif,DejaVu Serif Condensed)
2026-08-23 12:23:47.238 D  registerFont(Serif,DejaVu Serif Condensed)
2026-08-23 12:23:47.239 D  registerFont(Serif,DejaVu Serif Condensed)
2026-08-23 12:23:47.239 D  registerFont(Serif,DejaVu Serif Condensed)
2026-08-23 12:23:47.239 D  registerFont(Serif,DejaVu Serif Condensed)
2026-08-23 12:23:47.239 D  registerFont(Serif,DejaVu Serif Condensed)
2026-08-23 12:23:47.239 D  registerFont(SansSerif,Gentium Book Basic)
2026-08-23 12:23:47.239 D  registerFont(SansSerif,Gentium Book Basic)
2026-08-23 12:23:47.239 D  registerFont(SansSerif,Gentium Book Basic)
2026-08-23 12:23:47.239 D  registerFont(SansSerif,Liberation Sans)
2026-08-23 12:23:47.239 D  registerFont(SansSerif,Liberation Sans)
2026-08-23 12:23:47.239 D  registerFont(SansSerif,Liberation Sans)
2026-08-23 12:23:47.239 D  registerFont(SansSerif,Liberation Sans)
2026-08-23 12:23:47.239 D  registerFont(SansSerif,Liberation Sans)
2026-08-23 12:23:47.239 D  registerFont(SansSerif,Liberation Sans)
2026-08-23 12:23:47.239 D  registerFont(SansSerif,Liberation Sans)
2026-08-23 12:23:47.239 D  registerFont(SansSerif,Liberation Sans)
2026-08-23 12:23:47.239 D  registerFont(Serif,Liberation Serif)
2026-08-23 12:23:47.239 D  registerFont(Serif,Liberation Serif)
2026-08-23 12:23:47.239 D  registerFont(Serif,Liberation Serif)
2026-08-23 12:23:47.239 D  registerFont(Serif,Liberation Serif)
2026-08-23 12:23:47.239 D  registerFont(Serif,Liberation Serif)
2026-08-23 12:23:47.239 D  registerFont(Serif,Liberation Serif)
2026-08-23 12:23:47.239 D  registerFont(Serif,Liberation Serif)
2026-08-23 12:23:47.239 D  registerFont(Serif,Liberation Serif)
2026-08-23 12:23:47.239 D  registerFont(SansSerif,Linux Libertine Display G)
2026-08-23 12:23:47.239 D  registerFont(SansSerif,Linux Libertine Display G)
2026-08-23 12:23:47.239 D  registerFont(SansSerif,Linux Libertine Display G)
2026-08-23 12:23:47.239 D  registerFont(SansSerif,Linux Libertine Display G)
2026-08-23 12:23:47.239 D  registerFont(SansSerif,Linux Libertine Display G)
2026-08-23 12:23:47.239 D  registerFont(SansSerif,Linux Libertine Display G)
2026-08-23 12:23:47.239 D  registerFont(SansSerif,Linux Libertine Display G)
2026-08-23 12:23:47.239 D  registerFont(SansSerif,Linux Libertine Display G)
2026-08-23 12:23:47.239 D  registerFont(SansSerif,Linux Libertine G)
2026-08-23 12:23:47.239 D  registerFont(SansSerif,Linux Libertine G)
2026-08-23 12:23:47.239 D  registerFont(SansSerif,Linux Libertine G)
2026-08-23 12:23:47.239 D  registerFont(SansSerif,Linux Libertine G)
2026-08-23 12:23:47.239 D  registerFont(SansSerif,Linux Libertine G)
2026-08-23 12:23:47.239 D  registerFont(SansSerif,Linux Libertine G)
2026-08-23 12:23:47.239 D  registerFont(SansSerif,Linux Libertine G)
2026-08-23 12:23:47.239 D  registerFont(SansSerif,Linux Libertine G)
2026-08-23 12:23:47.239 D  registerFont(SansSerif,Rubik)
2026-08-23 12:23:47.239 D  registerFont(SansSerif,Rubik)
2026-08-23 12:23:47.239 D  registerFont(SansSerif,Rubik)
2026-08-23 12:23:47.239 D  registerFont(SansSerif,Rubik)
2026-08-23 12:23:47.239 D  registerFont(SansSerif,Rubik)
2026-08-23 12:23:47.239 D  registerFont(SansSerif,Rubik)
2026-08-23 12:23:47.239 D  registerFont(SansSerif,Noto Sans Georgian)
2026-08-23 12:23:47.239 D  registerFont(SansSerif,Material Icons)
2026-08-23 12:23:47.239 D  registerFont(SansSerif,Open Sans Condensed)
2026-08-23 12:23:47.239 D  registerFont(SansSerif,Open Sans Condensed)
2026-08-23 12:23:47.239 D  registerFont(SansSerif,Open Sans Condensed)
2026-08-23 12:23:47.239 D  registerFont(SansSerif,Open Sans Condensed)
2026-08-23 12:23:47.239 D  registerFont(SansSerif,Open Sans Condensed)
2026-08-23 12:23:47.239 D  registerFont(SansSerif,Open Sans Condensed)
2026-08-23 12:23:47.239 D  registerFont(SansSerif,Open Sans Condensed)
2026-08-23 12:23:47.239 D  registerFont(SansSerif,Open Sans Condensed Light)
2026-08-23 12:23:47.239 D  registerFont(SansSerif,Open Sans Condensed Light)
2026-08-23 12:23:47.239 D  registerFont(SansSerif,Open Sans Condensed Light)
2026-08-23 12:23:47.239 D  registerFont(SansSerif,Open Sans Condensed Light)
2026-08-23 12:23:47.239 D  registerFont(SansSerif,Open Sans Condensed Light)
2026-08-23 12:23:47.239 D  registerFont(SansSerif,Open Sans Condensed Light)
2026-08-23 12:23:47.239 D  registerFont(SansSerif,Open Sans Condensed Light)
2026-08-23 12:23:47.239 D  registerFont(SansSerif,Open Sans)
2026-08-23 12:23:47.239 D  registerFont(SansSerif,Open Sans)
2026-08-23 12:23:47.239 D  registerFont(SansSerif,Open Sans)
2026-08-23 12:23:47.239 D  registerFont(SansSerif,Open Sans)
2026-08-23 12:23:47.239 D  registerFont(SansSerif,Open Sans)
2026-08-23 12:23:47.239 D  registerFont(SansSerif,Open Sans)
2026-08-23 12:23:47.239 D  registerFont(SansSerif,Open Sans)
2026-08-23 12:23:47.239 D  registerFont(SansSerif,Open Sans ExtraBold)
2026-08-23 12:23:47.239 D  registerFont(SansSerif,Open Sans ExtraBold)
2026-08-23 12:23:47.239 D  registerFont(SansSerif,Open Sans ExtraBold)
2026-08-23 12:23:47.239 D  registerFont(SansSerif,Open Sans ExtraBold)
2026-08-23 12:23:47.239 D  registerFont(SansSerif,Open Sans ExtraBold)
2026-08-23 12:23:47.239 D  registerFont(SansSerif,Open Sans ExtraBold)
2026-08-23 12:23:47.239 D  registerFont(SansSerif,Open Sans ExtraBold)
2026-08-23 12:23:47.239 D  registerFont(SansSerif,Open Sans Light)
2026-08-23 12:23:47.239 D  registerFont(SansSerif,Open Sans Light)
2026-08-23 12:23:47.239 D  registerFont(SansSerif,Open Sans Light)
2026-08-23 12:23:47.239 D  registerFont(SansSerif,Open Sans Light)
2026-08-23 12:23:47.239 D  registerFont(SansSerif,Open Sans Light)
2026-08-23 12:23:47.239 D  registerFont(SansSerif,Open Sans Light)
2026-08-23 12:23:47.239 D  registerFont(SansSerif,Open Sans Light)
2026-08-23 12:23:47.239 D  registerFont(SansSerif,Open Sans SemiBold)
2026-08-23 12:23:47.239 D  registerFont(SansSerif,Open Sans SemiBold)
2026-08-23 12:23:47.239 D  registerFont(SansSerif,Open Sans SemiBold)
2026-08-23 12:23:47.239 D  registerFont(SansSerif,Open Sans SemiBold)
2026-08-23 12:23:47.240 D  registerFont(SansSerif,Open Sans SemiBold)
2026-08-23 12:23:47.240 D  registerFont(SansSerif,Open Sans SemiBold)
2026-08-23 12:23:47.240 D  registerFont(SansSerif,Open Sans SemiBold)
2026-08-23 12:23:47.240 D  registerFont(SansSerif,Determination (RUS BY LYAJKA))
2026-08-23 12:23:47.240 D  registerFont(SansSerif,Heavyweight)
2026-08-23 12:23:47.240 D  registerFont(SansSerif,HeavyweightCira)
2026-08-23 12:23:47.240 D  registerFont(SansSerif,Gollie)
2026-08-23 12:23:47.240 D  registerFont(SansSerif,Gotham Ultra)
2026-08-23 12:23:47.240 D  registerFont(SansSerif,Gotham Ultra)
2026-08-23 12:23:47.240 D  registerFont(SansSerif,Gotham Ultra)
2026-08-23 12:23:47.240 D  registerFont(SansSerif,Gotham Thin)
2026-08-23 12:23:47.240 D  registerFont(SansSerif,Gotham Thin)
2026-08-23 12:23:47.240 D  registerFont(SansSerif,Gotham Thin)
2026-08-23 12:23:47.240 D  registerFont(MonoSpace,Ubuntu Mono)
2026-08-23 12:23:47.240 D  registerFont(MonoSpace,Ubuntu Mono)
2026-08-23 12:23:47.240 D  registerFont(MonoSpace,Ubuntu Mono)
2026-08-23 12:23:47.240 D  registerFont(MonoSpace,Ubuntu Mono)
2026-08-23 12:23:47.240 D  registerFont(MonoSpace,Ubuntu Mono)
2026-08-23 12:23:47.240 D  registerFont(MonoSpace,Ubuntu Mono)
2026-08-23 12:23:47.240 D  registerFont(MonoSpace,Ubuntu Mono Medium)
2026-08-23 12:23:47.240 D  registerFont(MonoSpace,Ubuntu Mono Medium)
2026-08-23 12:23:47.240 D  registerFont(MonoSpace,Ubuntu Mono Medium)
2026-08-23 12:23:47.240 D  registerFont(MonoSpace,Ubuntu Mono Medium)
2026-08-23 12:23:47.240 D  registerFont(MonoSpace,Ubuntu Mono Medium)
2026-08-23 12:23:47.240 D  registerFont(MonoSpace,Ubuntu Mono Medium)
2026-08-23 12:23:47.240 I  Found 1168 font faces
2026-08-23 12:23:47.240 D  initResourceManagers()
2026-08-23 12:23:47.240 I  Creating ImageCache
2026-08-23 12:23:47.240 I  Creating DrawableCache
2026-08-23 12:23:47.240 D  Calling initSharedResourceManagers()
2026-08-23 12:23:47.240 D  Calling initStandardEditorActions()
2026-08-23 12:23:47.240 D  Calling registerStandardWidgets()
2026-08-23 12:23:47.240 D  Registering standard widgets for DML
2026-08-23 12:23:47.240 D  initResourceManagers() -- finished
2026-08-23 12:23:47.240 D  Creating default theme
2026-08-23 12:23:47.240 I  Entering UIAppMain: ["C:\\Users\\levta\\AppData\\Local\\dub\\packages\\dlangui\\0.10.8\\dlangui\\examples\\dmledit\\bin\\dmledit.exe"]
2026-08-23 12:23:47.240 D  Platform.createWindow is called
2026-08-23 12:23:47.241 V  Platform.createWindow : setDefaultLanguageAndThemeIfNecessary
2026-08-23 12:23:47.241 V  setDefaultLanguageAndThemeIfNecessary : setting UI language
2026-08-23 12:23:47.241 V  Loading language file
2026-08-23 12:23:47.241 D  Loading string resources from file @embedded@/std_en.ini
2026-08-23 12:23:47.241 D  Loading string resources from file @embedded@/en.ini
2026-08-23 12:23:47.241 V  Calling onThemeChanged
2026-08-23 12:23:47.241 D  DrawableCache.clear()
2026-08-23 12:23:47.241 V  setDefaultLanguageAndThemeIfNecessary : setting UI theme
2026-08-23 12:23:47.241 V  uiTheme setting new theme theme_default
2026-08-23 12:23:47.241 D  <?xml version="1.0" encoding="utf-8"?>
<theme id="theme_default"
        fontSize="10pt"
        fontFace="Helvetica Neue,Verdana,Arial,DejaVu Sans,Liberation Sans,Helvetica,Roboto,Droid Sans"
        fontFamily="SansSerif"
        >
    <color id="window_background" value="#FFFFFF"/>
    <color id="dialog_background" value="#EEEEEE"/>
    <color id="edit_background" value="#FFFFFF"/>
    <color id="edit_caret" value="#000000"/>
    <color id="edit_caret_replace" value="#808080FF"/>
    <color id="editor_matching_bracket_highlight" value="#60FFE0B0"/>
    <color id="editor_selection_focused" value="#B060A0FF"/>
    <color id="editor_selection_normal" value="#D060A0FF"/>
    <color id="editor_search_highlight_current" value="#60A0C0FF"/>
    <color id="editor_search_highlight_other" value="#90F0D080"/>
    <color id="editor_left_pane_background" value="#F4F4F4"/>
    <color id="editor_left_pane_background2" value="#FFFFFF"/>
    <color id="editor_left_pane_background3" value="#F0F0F0"/>
    <color id="editor_left_pane_line_number_text" value="#4060D0"/>
    <color id="editor_left_pane_line_number_background" value="#F8F8F8"/>
    <color id="editor_left_pane_line_icon_color_breakpoint" value="#FF0000"/>
    <color id="editor_left_pane_line_icon_color_bookmark" value="#0000FF"/>
    <color id="editor_left_pane_line_icon_color_error" value="#80FF0000"/>

    <color id="grid_selection_color" value="#804040FF"/>
    <color id="grid_selection_color_row" value="#C0A0B0FF"/>
    <color id="grid_cell_background_fixed" value="#C0E0E0E0"/>
    <color id="grid_cell_border_color" value="#C0C0C0C0"/>
    <color id="grid_cell_border_color_header" value="#C0202020"/>
    <color id="grid_cell_background_header" value="#C0909090"/>
    <color id="grid_cell_background_header_selected" value="#80FFC040"/>
    <color id="file_dialog_dir_name_color" value="#000080"/>

    <style id="BUTTON"
        backgroundImageId="btn_background"
        align="Center"
        margins="3pt,3pt,3pt,3pt"
        focusRectColors="#000"
        textFlags="UnderlineHotKeys"
        >
        <state state_enabled="true" state_hovered="true" textColor="#006080"/>
        <state state_enabled="false" textColor="#80000000"/>
    </style>
    <style id="BUTTON_TRANSPARENT"
        backgroundImageId="btn_background_transparent"
        align="Center"
        />
    <style id="BUTTON_CHECK_TRANSPARENT"
        backgroundImageId="btn_background_check_transparent"
        align="Center"
        />
    <style id="BUTTON_LABEL"
        layoutWidth="FILL_PARENT"
        margins="2pt,2pt,2pt,2pt"
        align="Left|VCenter"
        textFlags="UnderlineHotKeys"
        >
        <state state_enabled="false" textColor="#80000000"/>
        <state state_enabled="true" state_hovered="true" textColor="#006080"/>
    </style>
    <style id="BUTTON_LABEL_LINK" parent="BUTTON_LABEL"
        textColor="#0000C0"
        >
        <state state_enabled="false" textColor="#60C0C0FF"/>
        <state state_enabled="true" state_hovered="true" textColor="#8080FF" textFlags="Underline"/>
    </style>
    <style id="BUTTON_IMAGE"
        margins="2,2,2,2"
        align="Center"
        />
    <style id="SWITCH"
        margins="2,2,2,2"
        align="Center"
        backgroundImageId="switch"
        />
    <style id="CHECKBOX"
        backgroundImageId="@null"
        margins="2,2,2,2"
        padding="2,2,2,2"
	focusRectColors="@null"
        />
    <style id="CHECKBOX_IMAGE" parent="BUTTON_IMAGE"
        align="Center"
        margins="2,2,2,2"
        />
    <style id="CHECKBOX_LABEL" parent="BUTTON_LABEL"
        align="Left|VCenter"
	focusRectColors="#000"
        >
        <state state_enabled="true" state_hovered="true" textColor="#006080"/>
        <state state_enabled="false" textColor="#909090"/>
    </style>
    <style id="RADIOBUTTON" parent="CHECKBOX"
        margins="2,2,2,2"
        padding="2,2,2,2"
        />
    <style id="RADIOBUTTON_IMAGE" parent="CHECKBOX_IMAGE"
        align="Center"
        margins="2,2,2,2"
        />
    <style id="RADIOBUTTON_LABEL" parent="CHECKBOX_LABEL"
        align="Left|VCenter"
	focusRectColors="#000"
        >
        <state state_enabled="true" state_hovered="true" textColor="#006080"/>
        <state state_enabled="false" textColor="#909090"/>
    </style>
    <style id="TEXT"
        margins="2,2,2,2"
        padding="1,1,1,1"
        align="Left|VCenter"
        >
        <state state_enabled="false" textColor="#A0000000"/>
    </style>
    <style id="MULTILINE_TEXT"
        margins="2,2,2,2"
        padding="1,1,1,1"
        align="Left|VCenter"
        maxLines="0"
        >
        <state state_enabled="false" textColor="#A0000000"/>
    </style>
    <style id="HSPACER"
        layoutWidth="FILL_PARENT"
        layoutWeight="100"
        minWidth="5"
        />
    <style id="VSPACER"
        layoutHeight="FILL_PARENT"
        layoutWeight="100"
        minHeight="5"
        />
    <style id="BUTTON_NOMARGINS"
        backgroundImageId="btn_background"
        align="Center"
        />
    <color id="sample_color_rgb" value="#8CF"/>
    <color id="sample_color_argb" value="#48CF"/>
    <color id="sample_color_rrggbb" value="#80C0F0"/>
    <color id="sample_color_aarrggbb" value="#4080C0F0"/>
    <drawable id="btn_check" value="btn_check"/>
    <drawable id="btn_radio" value="btn_radio"/>
    <drawable id="scrollbar_button_up" value="scrollbar_btn_up"/>
    <drawable id="scrollbar_button_down" value="scrollbar_btn_down"/>
    <drawable id="scrollbar_button_left" value="scrollbar_btn_left"/>
    <drawable id="scrollbar_button_right" value="scrollbar_btn_right"/>
    <drawable id="scrollbar_indicator_vertical" value="scrollbar_indicator_vertical"/>
    <drawable id="scrollbar_indicator_horizontal" value="scrollbar_indicator_horizontal"/>
    <style id="SCROLLBAR"
        backgroundColor="#dce2e8"
        align="Center"
        />
    <style id="SLIDER"
        backgroundImageId="slider_background"
        align="Center"
        />
    <style id="SCROLLBAR_BUTTON"
        backgroundImageId="scrollbar_btn_background"
        align="Center"
        />
    <style id="SCROLLBAR_BUTTON_TRANSPARENT"
        backgroundImageId="scrollbar_btn_transparent_background"
        align="Center"
        />
    <style id="SLIDER"
        />
    <style id="PAGE_SCROLL"
        backgroundColor="#FFFFFFFF"
        >
        <state state_pressed="true" backgroundColor="#C0404080"/>
        <state state_hovered="true" backgroundColor="#F0404080"/>
    </style>

    <style id="TAB_DOWN_DARK"
        backgroundImageId="dock_window_caption_background_down"
        layoutWidth="FILL_PARENT"
        >
    </style>
    <style id="TAB_DOWN_BUTTON_DARK"
        padding="2pt,1pt,2pt,1pt"
        backgroundImageId="tab_btn_dark_down"
        />
    <style id="TAB_DOWN_BUTTON"
        padding="2pt,1pt,2pt,1pt"
        backgroundImageId="tab_btn_down"
        />
    <style id="TAB_UP_DARK"
        backgroundImageId="dock_window_caption_background"
        layoutWidth="FILL_PARENT"
        >
    </style>
    <style id="TAB_UP_BUTTON_DARK"
        padding="2pt,1pt,2pt,1pt"
        backgroundImageId="tab_btn_dark_up"
        >
        <length id="overlap" value="2"/>
    </style>
    <style id="TAB_UP_BUTTON_DARK_TEXT"
        textColor="#000000"
        align="Center"
        >
        <state state_selected="false" state_window_focused="false" state_hovered="false" textColor="#9c9c9c"/>
    </style>
    <style id="TAB_UP"
        backgroundImageId="tab_up_background"
        layoutWidth="FILL_PARENT"
        >
        <state state_selected="true" backgroundImageId="tab_up_backgrond_selected"/>
    </style>
    <style id="TAB_UP_BUTTON_TEXT"
        padding="3pt,1pt,3pt,1pt"
        textColor="#000000"
        align="Center"
        >
        <state state_selected="true" state_focused="true" textColor="#000000"/>
        <state state_selected="true" textColor="#000000"/>
        <state state_focused="true" textColor="#000000"/>
        <state state_hovered="true" textColor="#0000C0"/>
    </style>
    <style id="TAB_UP_BUTTON"
        padding="2pt,1pt,2pt,1pt"
        backgroundImageId="tab_btn_up"
        />
    <style id="TAB_HOST"
        layoutWidth="FILL_PARENT"
        layoutHeight="FILL_PARENT"
        backgroundColor="#F0F0F0"
        />
    <style id="TAB_WIDGET"
        backgroundColor="#EEEEEE"
        />

    <style id="MAIN_MENU"
        layoutWidth="FILL_PARENT"
        backgroundImageId="main_menu_background"
	layoutWeight="0"
        />
    <style id="MAIN_MENU_ITEM"
        padding="3pt,2pt,3pt,2pt"
        backgroundImageId="main_menu_item_background"
        textFlags="Parent"
        />
    <style id="MENU_ITEM"
        backgroundImageId="menu_item_background"
        padding="3pt,2pt,3pt,2pt"
        >
    </style>
    <style id="MENU_SEPARATOR"
        backgroundImageId="menu_separator"
        padding="3pt,2pt,3pt,2pt"
        >
    </style>
    <style id="MENU_ICON"
        margins="2pt,2pt,2pt,2pt"
        align="Left|VCenter"
        >
        <state state_enabled="false" alpha="160"/>
    </style>
    <style id="MENU_LABEL"
        margins="2pt,1pt,2pt,1pt"
        align="Left|VCenter"
        textFlags="UnderlineHotKeys"
        >
        <state state_enabled="false" textColor="#80404040"/>
    </style>
    <style id="MAIN_MENU_LABEL"
        margins="2pt,1pt,2pt,1pt"
        align="Left|VCenter"
        textFlags="Parent"
        >
        <state state_enabled="false" textColor="#80404040"/>
    </style>
    <style id="MENU_ACCEL"
        margins="2pt,1pt,2pt,1pt"
        align="Left|VCenter"
        >
        <state state_enabled="false" textColor="#80404040"/>
    </style>
    <style id="TRANSPARENT_BUTTON_BACKGROUND"
        backgroundImageId="btn_background_transparent"
        padding="2pt,1pt,2pt,1pt"
        />
    <style id="POPUP_MENU"
        backgroundImageId="popup_menu_background_normal"
        />
    <style id="LIST_ITEM"
        backgroundImageId="list_item_background"
        />

    <style id="COMBO_BOX"
        backgroundImageId="combobox_background"
        padding="2pt,2pt,2pt,2pt"
        margins="2pt,2pt,2pt,2pt"
        minWidth="40"
        />
    <style id="COMBO_BOX_BODY"
        padding="2pt,2pt,2pt,2pt"
        minWidth="40"
        align="Left|VCenter"
	focusRectColors="#000"
        />
    <style id="COMBO_BOX_BUTTON"
        padding="2pt,2pt,2pt,2pt"
        backgroundImageId="btn_background_transparent"
        align="Center"
        />

    <style id="EDIT_LINE"
        backgroundImageId="editbox_background"
        padding="3pt,3pt,3pt,3pt"
        margins="1pt,1pt,1pt,1pt"
        minWidth="40"
        />
    <style id="EDIT_BOX"
        fontFace="Menlo,Consolas,DejaVuSansMono,Lucida Sans Typewriter,Courier New,Lucida Console"
        backgroundImageId="editbox_background"
        padding="2pt,2pt,2pt,2pt"
        margins="2pt,2pt,2pt,2pt"
        minWidth="100"
        minHeight="60"
        layoutWidth="FILL_PARENT"
        layoutHeight="FILL_PARENT"
        />
    <style id="LOG_WIDGET"
        fontFace="Menlo,Consolas,DejaVuSansMono,DejaVu Sans Mono,Lucida Sans Typewriter,Courier New,Lucida Console"
        fontSize="9pt"
        fontFamily="MonoSpace"
        backgroundImageId="editbox_background"
        padding="2pt,2pt,2pt,2pt"
        margins="2pt,2pt,2pt,2pt"
        minWidth="100"
        minHeight="60"
        layoutWidth="FILL_PARENT"
        layoutHeight="FILL_PARENT"
        />
    <style id="LIST_BOX"
        backgroundImageId="editbox_background"
        padding="2pt,2pt,2pt,2pt"
        margins="2pt,2pt,2pt,2pt"
        layoutWidth="FILL_PARENT"
        layoutHeight="FILL_PARENT"
        />
    <style id="EDIT_BOX_NO_FRAME"
        fontFace="Menlo,Consolas,DejaVuSansMono,Lucida Sans Typewriter,Courier New,Lucida Console"
        backgroundColor="#FFFFFF"
        padding="2pt,2pt,2pt,2pt"
        margins="2pt,2pt,2pt,2pt"
        minWidth="100"
        minHeight="60"
        layoutWidth="FILL_PARENT"
        layoutHeight="FILL_PARENT"
        />
    <style id="STRING_GRID"
        backgroundImageId="editbox_background"
        padding="2pt,2pt,2pt,2pt"
        margins="2pt,2pt,2pt,2pt"
        minWidth="100"
        minHeight="60"
        layoutWidth="FILL_PARENT"
        layoutHeight="FILL_PARENT"
        />
    <style id="FILE_DIALOG_GRID"
        backgroundImageId="editbox_background"
        padding="2pt,2pt,2pt,2pt"
        margins="2pt,2pt,2pt,2pt"
        minWidth="100"
        minHeight="60"
        layoutWidth="FILL_PARENT"
        layoutHeight="FILL_PARENT"
        />
    <style id="STATUS_LINE"
        backgroundColor="#eceffa"
        layoutWidth="FILL_PARENT"
        layoutHeight="WRAP_CONTENT"
        padding="1pt,1pt,1pt,1pt"
	layoutWeight="0"
        />
    <style id="DOCK_HOST"
        backgroundColor="#eceffa"
        layoutWidth="FILL_PARENT"
        layoutHeight="FILL_PARENT"
        padding="2pt,2pt,2pt,2pt"
        />
    <style id="DOCK_HOST_BODY"
        layoutWidth="FILL_PARENT"
        layoutHeight="FILL_PARENT"
        padding="0,0,0,0"
        margins="3pt,3pt,3pt,3pt"
        />
    <style id="DOCK_WINDOW"
        backgroundImageId="dock_window_background"
        layoutWidth="FILL_PARENT"
        layoutHeight="FILL_PARENT"
        padding="0,0,0,0"
        margins="2,2,2,2"
        />
    <style id="FLOATING_WINDOW"
        backgroundImageId="popup_window_background"
        layoutWidth="FILL_PARENT"
        layoutHeight="FILL_PARENT"
        padding="1pt,1pt,1pt,1pt"
        margins="4pt,4pt,4pt,4pt"
        />
    <style id="DOCK_WINDOW_CAPTION"
        backgroundImageId="dock_window_caption_background"
        layoutWidth="FILL_PARENT"
        layoutHeight="WRAP_CONTENT"
        padding="1pt,1pt,1pt,1pt"
        />
    <style id="DOCK_WINDOW_CAPTION_LABEL"
        textColor="#000000"
        layoutWidth="FILL_PARENT"
        layoutHeight="WRAP_CONTENT"
        padding="3pt,3pt,3pt,3pt"
        align="Left|VCenter"
        />
    <style id="DOCK_WINDOW_BODY"
        layoutWidth="FILL_PARENT"
        layoutHeight="FILL_PARENT"
        padding="3,3,3,3"
        />

    <style id="TOOLBAR_HOST"
        backgroundImageId="toolbar_host_background"
        layoutWidth="FILL_PARENT"
        layoutHeight="WRAP_CONTENT"
        padding="1pt,1pt,1pt,1pt"
        />
    <style id="TOOLTIP"
        backgroundImageId="tooltip_background"
        layoutWidth="WRAP_CONTENT"
        layoutHeight="WRAP_CONTENT"
        margins="2pt,5pt,2pt,1pt"
        padding="2pt,2pt,2pt,2pt"
	textColor="#404040"
        />
    <style id="TOOLBAR"
        backgroundImageId="toolbar_background"
        layoutWidth="WRAP_CONTENT"
        layoutHeight="WRAP_CONTENT"
        margins="2pt,1pt,2pt,1pt"
        />
    <style id="TOOLBAR_BUTTON"
        backgroundImageId="toolbar_button_background"
        align="Center"
        margins="1pt,1pt,1pt,1pt"
        padding="2pt,2pt,2pt,2pt"
        >
        <state state_enabled="false" alpha="160" backgroundImageId="toolbar_button_null"/>
    </style>
    <style id="TOOLBAR_CONTROL"
        backgroundImageId="toolbar_control_background"
        align="Center"
        margins="1pt,1pt,1pt,1pt"
        padding="2pt,2pt,2pt,2pt"
        >
        <state state_enabled="false" alpha="160" backgroundImageId="@null"/>
    </style>
    <style id="TOOLBAR_SEPARATOR"
        align="Center"
        />

    <style id="TREE_ITEM"
        minWidth="100"
        minHeight="14"
        layoutWidth="FILL_PARENT"
        layoutHeight="WRAP_CONTENT"
        >
    </style>
    <style id="TREE_ITEM_EXPAND_ICON"
        align="Left|VCenter"
        textFlags="Parent"
    />
    <style id="TREE_ITEM_BODY"
        align="Left|VCenter"
        textFlags="Parent"
        backgroundImageId="list_item_background"
    />
    <style id="TREE_ITEM_ICON"
        align="Left|VCenter"
        textFlags="Parent"
    />
    <style id="TREE_ITEM_LABEL"
        layoutWidth="FILL_PARENT"
        layoutHeight="WRAP_CONTENT"
        align="Left|VCenter"
        textFlags="Parent"
        >
        <state state_default="true" fontWeight="bold"/>
    </style>

    <style id="SETTINGS_TREE"
        margins="5pt,5pt,5pt,5pt"
        backgroundColor="#FFFFFF"
        layoutWeight="3"
    />

    <style id="SETTINGS_PAGES"
        margins="0,8pt,8pt,8pt"
        padding="4pt,4pt,4pt,4pt"
        layoutWidth="FILL_PARENT"
        layoutWeight="5"
    />

    <style id="SETTINGS_PAGE_TITLE"
        margins="4pt,4pt,4pt,10pt"
	fontSize="120%"
	layoutWeight="0"
        layoutWidth="FILL_PARENT"
    />

    <style id="RESIZER_VERTICAL"
        layoutWidth="FILL_PARENT"
        layoutHeight="WRAP_CONTENT"
	minHeight="7pt"
	maxHeight="7pt"
	backgroundColor="#E0E0E0">
        <state state_focused="true" backgroundColor="#40C0C000"/>
        <state state_pressed="true" backgroundColor="#4080C000"/>
        <state state_selected="true" backgroundColor="#00F8F9Fa"/>
        <state state_hovered="true" backgroundColor="#C0FFFF00"/>
    </style>
    <style id="RESIZER_HORIZONTAL"
        layoutWidth="FILL_PARENT"
        layoutHeight="WRAP_CONTENT"
	minWidth="7pt"
	maxWidth="7pt"
	backgroundColor="#E0E0E0">
        <state state_focused="true" backgroundColor="#40C0C000"/>
        <state state_pressed="true" backgroundColor="#4080C000"/>
        <state state_selected="true" backgroundColor="#00F8F9Fa"/>
        <state state_hovered="true" backgroundColor="#C0FFFF00"/>
    </style>

    <style id="GROUP_BOX"
        margins="2pt,4pt,2pt,2pt">
        <drawable id="group_box_frame_up_left" value="group_box_frame_up_left"/>
        <drawable id="group_box_frame_up_right" value="group_box_frame_up_right"/>
        <drawable id="group_box_frame_bottom" value="group_box_frame_bottom"/>
    </style>

    <style id="GROUP_BOX_CAPTION"
        align="Left|VCenter"
	textColor="#504840"
        padding="1pt,1pt,1pt,1pt">
    </style>

    <style id="PROGRESS_BAR"
        padding="2pt,2pt,2pt,2pt"
        margins="2pt,2pt,2pt,2pt"
        minWidth="50pt"
        minHeight="16pt"
        backgroundImageId="progress_bar_background_frame"
        >
        <drawable id="progress_bar_gauge" value="#4080FF"/>
        <drawable id="progress_bar_gauge_animation" value="progress_bar_gauge_animation.tiled"/>
        <drawable id="progress_bar_indeterminate" value="#80C080"/>
        <drawable id="progress_bar_indeterminate_animation" value="progress_bar_gauge_animation.tiled"/>
    </style>

   <style id="SIMPLE_BAR_CHART"
        padding="2pt,2pt,2pt,2pt"
        margins="2pt,2pt,2pt,2pt"
        minWidth="250pt"
        >
        <color id="chart_background_color" value="#FFFFFF"/>
        <color id="chart_axis_color" value="#C0C0C0"/>
        <color id="chart_segment_tag_color" value="#C0C0C0"/>
   </style>

</theme>


2026-08-23 12:23:47.242 D  ["state_hovered":"true", "textColor":"#006080", "state_enabled":"true"]
2026-08-23 12:23:47.242 D  ["textColor":"#80000000", "state_enabled":"false"]
2026-08-23 12:23:47.242 D  ["textColor":"#80000000", "state_enabled":"false"]
2026-08-23 12:23:47.242 D  ["state_hovered":"true", "textColor":"#006080", "state_enabled":"true"]
2026-08-23 12:23:47.242 D  ["textColor":"#60C0C0FF", "state_enabled":"false"]
2026-08-23 12:23:47.242 D  ["state_hovered":"true", "textColor":"#8080FF", "state_enabled":"true", "textFlags":"Underline"]
2026-08-23 12:23:47.242 D  ["state_hovered":"true", "textColor":"#006080", "state_enabled":"true"]
2026-08-23 12:23:47.242 D  ["textColor":"#909090", "state_enabled":"false"]
2026-08-23 12:23:47.242 D  ["state_hovered":"true", "textColor":"#006080", "state_enabled":"true"]
2026-08-23 12:23:47.243 D  ["textColor":"#909090", "state_enabled":"false"]
2026-08-23 12:23:47.243 D  ["textColor":"#A0000000", "state_enabled":"false"]
2026-08-23 12:23:47.243 D  ["textColor":"#A0000000", "state_enabled":"false"]
2026-08-23 12:23:47.243 D  ["backgroundColor":"#C0404080", "state_pressed":"true"]
2026-08-23 12:23:47.243 D  ["backgroundColor":"#F0404080", "state_hovered":"true"]
2026-08-23 12:23:47.243 D  ["state_window_focused":"false", "state_hovered":"false", "textColor":"#9c9c9c", "state_selected":"false"]
2026-08-23 12:23:47.243 D  ["state_selected":"true", "backgroundImageId":"tab_up_backgrond_selected"]
2026-08-23 12:23:47.243 D  ["textColor":"#000000", "state_selected":"true", "state_focused":"true"]
2026-08-23 12:23:47.243 D  ["textColor":"#000000", "state_selected":"true"]
2026-08-23 12:23:47.243 D  ["textColor":"#000000", "state_focused":"true"]
2026-08-23 12:23:47.243 D  ["state_hovered":"true", "textColor":"#0000C0"]
2026-08-23 12:23:47.243 D  ["alpha":"160", "state_enabled":"false"]
2026-08-23 12:23:47.243 D  ["textColor":"#80404040", "state_enabled":"false"]
2026-08-23 12:23:47.243 D  ["textColor":"#80404040", "state_enabled":"false"]
2026-08-23 12:23:47.243 D  ["textColor":"#80404040", "state_enabled":"false"]
2026-08-23 12:23:47.243 D  ["alpha":"160", "state_enabled":"false", "backgroundImageId":"toolbar_button_null"]
2026-08-23 12:23:47.243 D  ["alpha":"160", "state_enabled":"false", "backgroundImageId":"@null"]
2026-08-23 12:23:47.243 D  ["state_default":"true", "fontWeight":"bold"]
2026-08-23 12:23:47.243 D  ["backgroundColor":"#40C0C000", "state_focused":"true"]
2026-08-23 12:23:47.244 D  ["backgroundColor":"#4080C000", "state_pressed":"true"]
2026-08-23 12:23:47.244 D  ["backgroundColor":"#00F8F9Fa", "state_selected":"true"]
2026-08-23 12:23:47.244 D  ["backgroundColor":"#C0FFFF00", "state_hovered":"true"]
2026-08-23 12:23:47.244 D  ["backgroundColor":"#40C0C000", "state_focused":"true"]
2026-08-23 12:23:47.244 D  ["backgroundColor":"#4080C000", "state_pressed":"true"]
2026-08-23 12:23:47.244 D  ["backgroundColor":"#00F8F9Fa", "state_selected":"true"]
2026-08-23 12:23:47.244 D  ["backgroundColor":"#C0FFFF00", "state_hovered":"true"]
2026-08-23 12:23:47.244 I  Applying loaded theme theme_default
2026-08-23 12:23:47.244 D  DrawableCache.clear()
2026-08-23 12:23:47.244 V  Platform.createWindow : new Win32Window
2026-08-23 12:23:47.244 D  Screen dimensions: Rect(0, 0, 1920, 1080)
2026-08-23 12:23:47.247 D  Window onCreate
2026-08-23 12:23:47.247 V  created window, adding to map
2026-08-23 12:23:47.247 D  Loading image from file @embedded@/dlangui-logo1.png
2026-08-23 12:23:47.258 D  Loading image from file @embedded@/main_menu_background.9.png
2026-08-23 12:23:47.258 D  Loading image from file @embedded@/main_menu_item_background_selected.9.png
2026-08-23 12:23:47.258 D  Loading image from file @embedded@/main_menu_item_background_hover.9.png
2026-08-23 12:23:47.258 D  loaded .xml drawable from @embedded@/main_menu_item_background.xml
2026-08-23 12:23:47.259 D  Loading image from file @embedded@/toolbar_host_background.9.png
2026-08-23 12:23:47.259 D  Loading image from file @embedded@/toolbar_background.9.png
2026-08-23 12:23:47.259 D  Loading image from file @embedded@/document-new.png
2026-08-23 12:23:47.259 D  Loading image from file @embedded@/toolbar_button_hover.9.png
2026-08-23 12:23:47.259 D  Loading image from file @embedded@/toolbar_button_pressed.9.png
2026-08-23 12:23:47.260 D  loaded .xml drawable from @embedded@/toolbar_button_background.xml
2026-08-23 12:23:47.260 D  Loading image from file @embedded@/document-open.png
2026-08-23 12:23:47.260 D  Loading image from file @embedded@/document-save.png
2026-08-23 12:23:47.260 D  Loading image from file @embedded@/toolbar_separator.png
2026-08-23 12:23:47.260 D  Loading image from file @embedded@/debug-run.png
2026-08-23 12:23:47.260 D  Loading image from file @embedded@/edit-copy.png
2026-08-23 12:23:47.260 D  Loading image from file @embedded@/edit-paste.png
2026-08-23 12:23:47.260 D  Loading image from file @embedded@/edit-cut.png
2026-08-23 12:23:47.260 D  Loading image from file @embedded@/edit-undo.png
2026-08-23 12:23:47.260 D  Loading image from file @embedded@/edit-redo.png
2026-08-23 12:23:47.260 D  Loading image from file @embedded@/edit-indent.png
2026-08-23 12:23:47.260 D  Loading image from file @embedded@/edit-unindent.png
2026-08-23 12:23:47.260 D  Loading image from file @embedded@/dock_window_background_focused.9.png
2026-08-23 12:23:47.260 D  Loading image from file @embedded@/dock_window_background_normal.9.png
2026-08-23 12:23:47.260 D  loaded .xml drawable from @embedded@/dock_window_background.xml
2026-08-23 12:23:47.260 D  Loading image from file @embedded@/dock_window_caption_background_focused.9.png
2026-08-23 12:23:47.260 D  Loading image from file @embedded@/dock_window_caption_background_normal.9.png
2026-08-23 12:23:47.260 D  loaded .xml drawable from @embedded@/dock_window_caption_background.xml
2026-08-23 12:23:47.260 D  Loading image from file @embedded@/close.png
2026-08-23 12:23:47.261 D  Loading image from file @embedded@/btn_pressed.9.png
2026-08-23 12:23:47.261 D  Loading image from file @embedded@/btn_hover.9.png
2026-08-23 12:23:47.261 D  loaded .xml drawable from @embedded@/btn_background_transparent.xml
2026-08-23 12:23:47.261 D  Loading image from file @embedded@/editbox_background_disabled_focus.9.png
2026-08-23 12:23:47.261 D  Loading image from file @embedded@/editbox_background_focus.9.png
2026-08-23 12:23:47.261 D  Loading image from file @embedded@/editbox_background_disabled.9.png
2026-08-23 12:23:47.261 D  Loading image from file @embedded@/editbox_background_normal.9.png
2026-08-23 12:23:47.261 D  loaded .xml drawable from @embedded@/editbox_background.xml
2026-08-23 12:23:47.261 D  Loading image from file @embedded@/scrollbar_btn_left.png
2026-08-23 12:23:47.261 D  Loading image from file @embedded@/scrollbar_btn_background_pressed.9.png
2026-08-23 12:23:47.261 D  Loading image from file @embedded@/scrollbar_btn_background_normal.9.png
2026-08-23 12:23:47.261 D  Loading image from file @embedded@/scrollbar_btn_background_hover.9.png
2026-08-23 12:23:47.261 D  loaded .xml drawable from @embedded@/scrollbar_btn_transparent_background.xml
2026-08-23 12:23:47.261 D  Loading image from file @embedded@/scrollbar_btn_right.png
2026-08-23 12:23:47.261 D  Loading image from file @embedded@/scrollbar_indicator_horizontal.png
2026-08-23 12:23:47.262 D  Loading image from file @embedded@/scrollbar_btn_background_disabled.9.png
2026-08-23 12:23:47.262 D  loaded .xml drawable from @embedded@/scrollbar_btn_background.xml
2026-08-23 12:23:47.262 D  Loading image from file @embedded@/scrollbar_btn_up.png
2026-08-23 12:23:47.262 D  Loading image from file @embedded@/scrollbar_btn_down.png
2026-08-23 12:23:47.262 D  Loading image from file @embedded@/scrollbar_indicator_vertical.png
2026-08-23 12:23:47.263 D  Loading image from file @embedded@/list_item_selected.9.png
2026-08-23 12:23:47.263 D  Loading image from file @embedded@/list_item_focused.9.png
2026-08-23 12:23:47.263 D  Loading image from file @embedded@/list_item_hovered.9.png
2026-08-23 12:23:47.263 D  loaded .xml drawable from @embedded@/list_item_background.xml
2026-08-23 12:23:47.265 D  Loading image from file @embedded@/btn_check_on_pressed.png
2026-08-23 12:23:47.265 D  Loading image from file @embedded@/btn_check_off_pressed.png
2026-08-23 12:23:47.265 D  Loading image from file @embedded@/btn_check_on_focused.png
2026-08-23 12:23:47.265 D  Loading image from file @embedded@/btn_check_off_focused.png
2026-08-23 12:23:47.265 D  Loading image from file @embedded@/btn_check_off.png
2026-08-23 12:23:47.265 D  Loading image from file @embedded@/btn_check_on.png
2026-08-23 12:23:47.265 D  Loading image from file @embedded@/btn_check_on_disabled.png
2026-08-23 12:23:47.265 D  Loading image from file @embedded@/btn_check_off_disabled.png
2026-08-23 12:23:47.265 D  loaded .xml drawable from @embedded@/btn_check.xml
2026-08-23 12:23:47.265 D  Loading image from file @embedded@/tx_fabric.jpg
2026-08-23 12:23:47.288 D  onResize 917x587
2026-08-23 12:23:47.288 D  resize: measure took 0 ms
2026-08-23 12:23:47.291 D  Loading image from file @embedded@/btn_radio_on_pressed.png
2026-08-23 12:23:47.291 D  Loading image from file @embedded@/btn_radio_off_pressed.png
2026-08-23 12:23:47.291 D  Loading image from file @embedded@/btn_radio_on_focused.png
2026-08-23 12:23:47.292 D  Loading image from file @embedded@/btn_radio_off_focused.png
2026-08-23 12:23:47.292 D  Loading image from file @embedded@/btn_radio_off.png
2026-08-23 12:23:47.293 D  Loading image from file @embedded@/btn_radio_on.png
2026-08-23 12:23:47.293 D  Loading image from file @embedded@/btn_radio_off_disabled.png
2026-08-23 12:23:47.293 D  Loading image from file @embedded@/btn_radio_on_disabled.png
2026-08-23 12:23:47.293 D  loaded .xml drawable from @embedded@/btn_radio.xml
2026-08-23 12:23:47.294 D  resize: layout took 6 ms
2026-08-23 12:23:47.298 D  Loading image from file @embedded@/toolbar_button_null.9.png
2026-08-23 12:23:49.611 D  Loading image from file @embedded@/tooltip_background.9.png
2026-08-23 12:23:54.273 D  WM_CLOSE: closing window 
2026-08-23 12:23:54.277 D  Window onDestroy
2026-08-23 12:23:54.277 V  destroyed window, removing from map
2026-08-23 12:23:54.287 E  Cannot find window in map by HWND
2026-08-23 12:23:54.287 D  Window destructor
2026-08-23 12:23:54.288 D  Destroying window
2026-08-23 12:23:54.288 I  UIAppMain returned 0
2026-08-23 12:23:54.288 E  Non-zero Widget instance count when exiting: 1
2026-08-23 12:23:54.289 I  Destroying DrawableCache
2026-08-23 12:23:54.289 I  Destroying ImageCache
2026-08-23 12:23:54.289 I  Destroying Win32FontManager
2026-08-23 12:23:54.289 D  Destroying font manager
2026-08-23 12:23:54.289 D  Exiting main
2026-08-23 12:23:54.289 D  Calling GC.collect
2026-08-23 12:23:54.290 E  Resource leak: destroying resource while shutdown! STRING_LIST_ITEM dlangui.widgets.controls.TextWidget
